CLAVE EMISORA,RAZON SOCIAL,ISIN,FECHA DE LISTADO EN BMV,PAIS DE ORIGEN,BOLSA DONDE COTIZA
AAL,AMERICAN AIRLINES GROUP INC.,US02376R1023,22/02/2007,ESTADOS UNIDOS,NASDAQ
AAON,"AAON, INC.",US0003602069,26/11/2024,ESTADOS UNIDOS,NASDAQ
AAPL,APPLE COMPUTER INC,US0378331005,04/05/2004,ESTADOS UNIDOS,NASDAQ
ABNB,"AIRBNB, INC.",US0090661010,11/03/2021,ESTADOS UNIDOS,NASDAQ
ACAD,Acadia Pharmaceuticals Inc.,US0042251084,10/12/2019,ESTADOS UNIDOS,NASDAQ
ACGL,ARCH CAPITAL GROUP LTD.,BMG0450A1053,04/10/2024,BERMUDA,NASDAQ
ACHC,"ACADIA HEALTHCARE COMPANY, INC.",US00404A1097,04/04/2023,ESTADOS UNIDOS,NASDAQ
ACLS,"AXCELIS TECHNOLOGIES, INC.",US0545402085,22/01/2021,ESTADOS UNIDOS,NASDAQ
ADAP,"AUTOMATIC DATA PROCESSING, INC.",US0530151036,,ESTADOS UNIDOS,NASDAQ
ADBE,ADOBE INC.,US00724F1012,23/11/2015,ESTADOS UNIDOS,NASDAQ
ADI,"ANALOG DEVICES, INC.",US0326541051,05/06/2019,ESTADOS UNIDOS,NASDAQ
ADSK,"AUTODESK, INC.",US0527691069,22/07/2015,ESTADOS UNIDOS,NASDAQ
AFRM,"AFFIRM HOLDINGS, INC.",US00827B1061,14/04/2021,ESTADOS UNIDOS,NASDAQ
AGIO,"AGIOS PHARMACEUTICALS, INC.",US00847X1046,14/06/2019,ESTADOS UNIDOS,NASDAQ
AGNC,AGNC INVESTMENT CORP.,US00123Q1040,15/12/2011,ESTADOS UNIDOS,NASDAQ
AGNT,"AGNT, INC.",US30212W1009,01/09/2020,ESTADOS UNIDOS,NASDAQ
AKAM,"AKAMAI TECHNOLOGIES, INC.",US00971T1016,22/09/2020,ESTADOS UNIDOS,NASDAQ
ALAB,"ASTERA LABS, INC.",US04626A1034,27/06/2024,ESTADOS UNIDOS,NASDAQ
ALGM,"ALLEGRO MICROSYSTEMS, INC.",US01749D1054,26/04/2024,ESTADOS UNIDOS,NASDAQ
ALGN,"ALIGN TECHNOLOGY, INC.",US0162551016,07/02/2018,ESTADOS UNIDOS,NASDAQ
ALKT,"ALKAMI TECHNOLOGY, INC.",US01644J1088,15/07/2021,ESTADOS UNIDOS,NASDAQ
ALNY,"ALNYLAM PHARMACEUTICALS, INC. ",US02043Q1076,14/06/2019,ESTADOS UNIDOS,NASDAQ
ALT1,"ALTIMMUNE, INC.",US02155H2004,09/02/2021,ESTADOS UNIDOS,NASDAQ
AMAT,"APPLIED MATERIALS, INC.",US0382221051,04/05/2004,ESTADOS UNIDOS,NASDAQ
AMBA,"AMBARELLA, INC.",KYG037AX1015,04/05/2018,ISLAS CAYMAN,NASDAQ
AMD,ADVANCED MICRO DEVICES INC.,US0079031078,24/05/2007,ESTADOS UNIDOS,NASDAQ
AMGN,AMGEN INC.,US0311621009,04/05/2004,ESTADOS UNIDOS,NASDAQ
AMKR,"AMKOR TECHNOLOGY, INC.",US0316521006,13/01/2026,ESTADOS UNIDOS,NASDAQ
AMSC,AMERICAN SUPERCONDUCTOR CORPORATION,US0301112076,31/03/2021,ESTADOS UNIDOS,NASDAQ
AMZN,AMAZON. COM INC,US0231351067,20/07/2004,ESTADOS UNIDOS,NASDAQ
ANAB,"ANAPTYSBIO, INC. ",US0327241065,18/06/2019,ESTADOS UNIDOS,NASDAQ
ANGI,ANGI INC.,US00183L2016,02/04/2025,ESTADOS UNIDOS,NASDAQ
AOSL,ALPHA AND OMEGA SEMICONDUCTOR LIMITED,BMG6331P1041,22/02/2021,BERMUDA,NASDAQ
APEI,"AMERICAN PUBLIC EDUCATION, INC.",US02913V1035,11/12/2024,ESTADOS UNIDOS,NASDAQ
API,"AGORA, INC.",US00851L1035,12/02/2021,ISLAS CAYMAN,NASDAQ
APP,APPLOVIN CORPORATION,US03831W1080,10/09/2024,ESTADOS UNIDOS,NASDAQ
APPS1,"DIGITAL TURBINE, INC.",US25400W1027,09/02/2022,ESTADOS UNIDOS,NASDAQ
ARDX,"ARDELYX, INC.",US0396971071,27/04/2023,ESTADOS UNIDOS,NASDAQ
ARGX,ARGENX SE,US04016X1019,15/02/2021,HOLANDA,NASDAQ
ARM,ARM HOLDINGS PLC,US0420682058,15/12/2023,REINO UNIDO,NASDAQ
ARWR,"ARROWHEAD PHARMACEUTICALS, INC.",US04280A1007,12/05/2020,ESTADOS UNIDOS,NASDAQ
ASML1,ASML HOLDING N.V.,USN070592100,29/04/2021,HOLANDA,NASDAQ
ASND,ASCENDIS PHARMA A/S,US04351P1012,10/11/2017,DINAMARCA,NASDAQ
ASND1,ASCENDIS PHARMA A/S,DK0060615755,21/04/2026,DINAMARCA,NASDAQ
ASTS,"AST SPACEMOBILE, INC.",US00217D1000,27/08/2024,ESTADOS UNIDOS,NASDAQ
ATAI,ATAIBECKLEY INC.,US04650F1012,28/02/2022,ESTADOS UNIDOS,NASDAQ
ATER,"ATERIAN, INC",US02156U2006,05/03/2021,ESTADOS UNIDOS,NASDAQ
ATOS,"ATOSSA THERAPEUTICS, INC.",US04962H7044,02/02/2021,ESTADOS UNIDOS,NASDAQ
AVAV,"AEROVIRONMENT, INC.",US0080731088,14/07/2025,ESTADOS UNIDOS,NASDAQ
AVGO,BROADCOM INC.,US11135F1012,16/08/2017,ESTADOS UNIDOS,NASDAQ
AVO,"MISSION PRODUCE, INC.",US60510V1089,02/07/2021,ESTADOS UNIDOS,NASDAQ
AXDX,"ACCELERATE DIAGNOSTICS, INC.",US00430H2013,05/06/2019,ESTADOS UNIDOS,NASDAQ
AXON,"AXON ENTERPRISE, INC.",US05464C1018,14/10/2024,ESTADOS UNIDOS,NASDAQ
AXSM,"AXSOME THERAPEUTICS, INC.",US05464T1043,21/09/2021,ESTADOS UNIDOS,NASDAQ
AZN,ASTRAZENECA GROUP PLC,US0463531089,26/11/2003,REINO UNIDO,NASDAQ
BATRK,"ATLANTA BRAVES HOLDINGS, INC.",US0477263026,17/01/2024,ESTADOS UNIDOS,NASDAQ
BCPC,BALCHEM CORPORATION,US0576652004,04/04/2023,ESTADOS UNIDOS,NASDAQ
BCRX,"BIOCRYST PHARMACEUTICALS, INC. ",US09058V1035,18/06/2019,ESTADOS UNIDOS,NASDAQ
BEAM,BEAM THERAPEUTICS INC.,US07373V1052,22/03/2022,ESTADOS UNIDOS,NASDAQ
BHF,"BRIGHTHOUSE FINANCIAL, INC.",US10922N1037,17/08/2017,ESTADOS UNIDOS,NASDAQ
BHST,BIOHARVEST SCIENCES INC.,CA09076J2074,13/11/2025,CANADA,NASDAQ
BIDU,BAIDU INC.,US0567521085,03/03/2008,CHINA,NASDAQ
BIIB,BIOGEN INC.,US09062X1037,18/06/2013,ESTADOS UNIDOS,NASDAQ
BILI,BILIBILI INC.,US0900401060,31/12/2018,ISLAS CAYMAN,NASDAQ
BKNG,BOOKING HOLDINGS INC,US09857L1089,28/05/2008,ESTADOS UNIDOS,NASDAQ
BKR,BAKER HUGHES COMPANY,US05722G1004,28/07/2017,ESTADOS UNIDOS,NASDAQ
BL,"BLACKLINE, INC.",US09239B1098,17/04/2026,ESTADOS UNIDOS,NASDAQ
BLNK,BLINK CHARGING CO.,US09354A1007,29/04/2021,ESTADOS UNIDOS,NASDAQ
BLUE,"BLUEBIRD BIO, INC.",US09609G2093,14/06/2019,ESTADOS UNIDOS,NASDAQ
BMBL,BUMBLE INC.,US12047B1052,12/05/2021,ESTADOS UNIDOS,NASDAQ
BMRN,BIOMARIN PHARMACEUTICAL INC.,US09061G1013,14/06/2019,ESTADOS UNIDOS,NASDAQ
BNGO,"BIONANO GENOMICS, INC.",US09075F4046,22/01/2021,ESTADOS UNIDOS,NASDAQ
BNTX,BIONTECH SE,US09075V1026,19/05/2020,ALEMANIA,NASDAQ
BRKR,BRUKER CORPORATION,US1167941087,14/06/2019,ESTADOS UNIDOS,NASDAQ
BSY,"BENTLEY SYSTEMS, INCORPORATED",US08265T2087,11/11/2021,ESTADOS UNIDOS,NASDAQ
BTBT,"BIT DIGITAL, INC.",KYG1144A1058,23/02/2021,ISLAS CAYMAN,NASDAQ
BYND,"BEYOND MEAT, INC.",US08862E3071,08/08/2019,ESTADOS UNIDOS,NASDAQ
BZUN,BAOZUN INC.,US06684L1035,22/11/2017,ISLAS CAYMAN,NASDAQ
CABA,"CABALETTA BIO, INC.",US12674W1099,29/09/2023,ESTADOS UNIDOS,NASDAQ
CAI,"CARIS LIFE SCIENCES, INC.",US1421521071,10/12/2025,ESTADOS UNIDOS,NASDAQ
CAKE,THE CHEESECAKE FACTORY INCORPORATED,US1630721017,08/07/2020,ESTADOS UNIDOS,NASDAQ
CAN,CANAAN INC.,US1347481020,30/08/2021,ISLAS CAYMAN,NASDAQ
CAR,"AVIS BUDGET GROUP, INC.",US0537741052,26/08/2015,ESTADOS UNIDOS,NASDAQ
CART,MAPLEBEAR INC,US5653941030,05/08/2025,ESTADOS UNIDOS,NASDAQ
CASY,"CASEY´S GENERAL STORES, INC.",US1475281036,13/03/2023,ESTADOS UNIDOS,NASDAQ
CBOE,CBOE GLOBAL MARKETS INC,US12503M1080,20/07/2016,ESTADOS UNIDOS,NASDAQ
CCOI,"Cogent Communications Holdings, Inc.",US19239V3024,24/04/2020,ESTADOS UNIDOS,NASDAQ
CDLX,"Cardlytics, Inc.",US14161W3034,11/02/2020,ESTADOS UNIDOS,NASDAQ
CDNS,"CADENCE DESIGN SYSTEMS, INC.",US1273871087,04/05/2018,ESTADOS UNIDOS,NASDAQ
CDRO,"CODERE ONLINE LUXEMBOURG, S.A.",LU2405144788,02/12/2021,LUXEMBURGO,NASDAQ
CDW,CDW CORPORATION,US12514G1085,03/11/2020,ESTADOS UNIDOS,NASDAQ
CEG,CONSTELLATION ENERGY CORPORATION,US21037T1097,03/02/2022,ESTADOS UNIDOS,NASDAQ
CELH,"CELSIUS HOLDINGS, INC.",US15118V2079,25/03/2024,ESTADOS UNIDOS,NASDAQ
CERT,"CERTARA, INC.",US15687V1098,11/11/2021,ESTADOS UNIDOS,NASDAQ
CEVA,"CEVA, INC.",US1572101053,22/01/2021,ESTADOS UNIDOS,NASDAQ
CFLT,"CONFLUENT, INC.",US20717M1036,04/10/2021,ESTADOS UNIDOS,NASDAQ
CG,THE CARLYLE GROUP L.P.,US14316J1088,28/09/2018,ESTADOS UNIDOS,NASDAQ
CGNX,COGNEX CORPORATION,US1924221039,17/05/2018,ESTADOS UNIDOS,NASDAQ
CHKP,CHECK POINT SOFTWARE TECHNOLOGIES LTD.,IL0010824113,22/07/2015,ISRAEL,NASDAQ
CHRD,CHORD ENERGY CORPORATION,US6742152076,01/07/2022,ESTADOS UNIDOS,NASDAQ
CHRW,"C.H. ROBINSON WORLDWIDE, INC.",US12541W2098,03/11/2025,ESTADOS UNIDOS,NASDAQ
CHTR,"CHARTER COMMUNICATIONS, INC.",US16119P1084,30/11/2016,ESTADOS UNIDOS,NASDAQ
CIFR,CIPHER DIGITAL INC.,US17253J1060,25/07/2024,ESTADOS UNIDOS,NASDAQ
CINF,CINCINNATI FINANCIAL CORPORATION,US1720621010,04/04/2025,ESTADOS UNIDOS,NASDAQ
CLSK,"CLEANSPARK, INC.",US18452B2097,01/09/2021,ESTADOS UNIDOS,NASDAQ
CMCSA,COMCAST CORP,US20030N1019,04/05/2004,ESTADOS UNIDOS,NASDAQ
CME,CME GROUP INC.,US12572Q1058,04/03/2020,ESTADOS UNIDOS,NASDAQ
CMPS,COMPASS PATHWAYS PLC,US20451W1018,28/02/2022,REINO UNIDO,NASDAQ
CNTN,"CANTON STRATEGIC HOLDINGS, INC.",US4327053090,13/02/2026,ESTADOS UNIDOS,NASDAQ
COIN,"COINBASE GLOBAL, INC.",US19260Q1076,28/04/2022,ESTADOS UNIDOS,NASDAQ
COLM,COLUMBIA SPORTSWEAR COMPANY,US1985161066,30/08/2021,ESTADOS UNIDOS,NASDAQ
COO,"THE COOPER COMPANIES, INC.",US2166485019,30/07/2014,ESTADOS UNIDOS,NASDAQ
COST,COSTCO WHOLESALE CORP.,US22160K1051,13/12/2004,ESTADOS UNIDOS,NASDAQ
CPB,THE CAMPBELL´S COMPANY,US1344291091,30/05/2019,ESTADOS UNIDOS,NASDAQ
CPRT,"COPART, INC.",US2172041061,07/02/2018,ESTADOS UNIDOS,NASDAQ
CRDO,CREDO TECHNOLOGY GROUP HOLDING LTD,KYG254571055,09/12/2022,ISLAS CAYMAN,NASDAQ
CRNC,CERENCE INC.,US1567271093,29/01/2021,ESTADOS UNIDOS,NASDAQ
CROX,"CROCS, INC. ",US2270461096,17/01/2022,ESTADOS UNIDOS,NASDAQ
CRSP,CRISPR THERAPEUTICS AG,CH0334081137,16/07/2020,SUIZA,NASDAQ
CRSR,"CORSAIR GAMING, INC.",US22041X1028,09/06/2021,ESTADOS UNIDOS,NASDAQ
CRTO,CRITEO S.A.,US2267181046,22/01/2019,FRANCIA,NASDAQ
CRTO1,CRITEO S.A.,LU3433852426,31/07/2026,LUXEMBURGO,NASDAQ
CRUS,"CIRRUS LOGIC, INC.",US1727551004,10/08/2020,ESTADOS UNIDOS,NASDAQ
CRWD,"Crowdstrike Holdings, Inc.",US22788C1053,27/03/2020,ESTADOS UNIDOS,NASDAQ
CRWV,"COREWEAVE, INC.",US21873S1087,09/07/2025,ESTADOS UNIDOS,NASDAQ
CSCO,CISCO SYSTEMS INC.,US17275R1023,04/05/2004,ESTADOS UNIDOS,NASDAQ
CSGP,"CoStar Group, Inc.",US22160N1090,06/12/2018,ESTADOS UNIDOS,NASDAQ
CSIQ,CANADIAN SOLAR INC.,CA1366351098,18/02/2021,CANADA,NASDAQ
CSX,CSX CORPORATION,US1264081035,13/06/2018,ESTADOS UNIDOS,NASDAQ
CTAS,CINTAS CORPORATION,US1729081059,09/01/2020,ESTADOS UNIDOS,NASDAQ
CTSH,COGNIZANT TECHNOLOGY SOLUTIONS CORPORATION,US1924461023,22/07/2015,ESTADOS UNIDOS,NASDAQ
CVLT,"COMMVAULT SYSTEMS, INC.",US2041661024,25/06/2026,ESTADOS UNIDOS,NASDAQ
CZR1,"Caesars Entertainment, Inc.",US12769G1004,21/07/2020,ESTADOS UNIDOS,NASDAQ
DAVE,DAVE INC.,US23834J2015,15/07/2026,ESTADOS UNIDOS,NASDAQ
DBX,"DROPBOX, INC.",US26210C1045,05/06/2019,ESTADOS UNIDOS,NASDAQ
DDOG,"Datadog, Inc.",US23804L1035,29/05/2020,ESTADOS UNIDOS,NASDAQ
DJT,Trump Media & Technology Group Corp.,US25400Q1058,24/12/2025,ESTADOS UNIDOS,NASDAQ
DKNG1,DRAFTKINGS INC.,US26142V1052,06/05/2022,ESTADOS UNIDOS,NASDAQ
DLO,DLOCAL LIMITED,KYG290181018,09/07/2025,ISLAS CAYMAN,NASDAQ
DLTR,"DOLLAR TREE, INC.",US2567461080,11/04/2014,ESTADOS UNIDOS,NASDAQ
DNUT,"KRISPY KREME, INC.",US50101L1061,04/10/2021,ESTADOS UNIDOS,NASDAQ
DOCU,"DOCUSIGN, INC.",US2561631068,18/01/2019,ESTADOS UNIDOS,NASDAQ
DOX,AMDOCS LIMITED,GB0022569080,28/10/2020,GUERNSEY,NASDAQ
DPZ,"DOMINO´S PIZZA, INC.",US25754A2015,14/06/2019,ESTADOS UNIDOS,NASDAQ
DRS,"LEONARDO DRS, INC.",US52661A1088,22/05/2025,ESTADOS UNIDOS,NASDAQ
DUOL,"DUOLINGO, INC.",US26603R1068,29/10/2021,ESTADOS UNIDOS,NASDAQ
DXCM,"DEXCOM, INC.",US2521311074,03/11/2016,ESTADOS UNIDOS,NASDAQ
EA,ELECTRONIC ARTS INC.,US2855121099,07/11/2017,ESTADOS UNIDOS,NASDAQ
EBAY,EBAY INC.,US2786421030,04/05/2004,ESTADOS UNIDOS,NASDAQ
ECHO,ECHOSTAR CORPORATION,US2787681061,02/01/2024,ESTADOS UNIDOS,NASDAQ
EEFT,"EURONET WORLDWIDE, INC.",US2987361092,21/11/2019,ESTADOS UNIDOS,NASDAQ
EH,EHANG HOLDINGS LIMITED,US26853E1029,19/07/2021,ISLAS CAYMAN,NASDAQ
EHLDV,EUROHOLDINGS LTD.,MHY234DY1099,19/03/2025,ISLAS MARSHALL,NASDAQ
EMBC,EMBECTA CORP.,US29082K1051,04/04/2022,ESTADOS UNIDOS,NASDAQ
ENPH,"Enphase Energy, Inc.",US29355A1079,11/02/2020,ESTADOS UNIDOS,NASDAQ
ENTG,"Entegris, Inc.",US29362U1043,11/02/2020,ESTADOS UNIDOS,NASDAQ
EOSE,"EOS ENERGY ENTERPRISES, INC.",US29415C1018,30/09/2025,ESTADOS UNIDOS,NASDAQ
EQIX,"EQUINIX, INC.",US29444U7000,07/06/2017,ESTADOS UNIDOS,NASDAQ
ERIC,TELEFONAKTIEBOLAGET LM ERICSSON,US2948216088,12/11/2004,SUECIA,NASDAQ
ERIE,ERIE INDEMNITY COMPANY,US29530P1021,04/04/2025,ESTADOS UNIDOS,NASDAQ
ESEA,EUROSEAS LTD.,MHY235921357,28/12/2023,GRECIA,NASDAQ
EVER,"EVERQUOTE, INC.",US30041R1086,28/08/2020,ESTADOS UNIDOS,NASDAQ
EVRG,"EVERGY, INC.",US30034W1062,07/01/2025,ESTADOS UNIDOS,NASDAQ
EWBC,"EAST WEST BANCORP, INC.",US27579R1041,03/11/2025,ESTADOS UNIDOS,NASDAQ
EXE,EXPAND ENERGY CORPORATION,US1651677353,01/09/2022,ESTADOS UNIDOS,NASDAQ
EXPE,"EXPEDIA GROUP, INC.",US30212P3038,13/06/2019,ESTADOS UNIDOS,NASDAQ
EXPO,"EXPONENT, INC.",US30214U1025,15/05/2025,ESTADOS UNIDOS,NASDAQ
FANG,"DIAMONDBACK ENERGY, INC.",US25278X1090,31/05/2019,ESTADOS UNIDOS,NASDAQ
FAST,FASTENAL COMPANY,US3119001044,28/05/2018,ESTADOS UNIDOS,NASDAQ
FCEL,"FUELCELL ENERGY, INC.",US35952H7008,22/12/2020,ESTADOS UNIDOS,NASDAQ
FCFS1,"FIRSTCASH HOLDINGS, INC.",US33768G1076,20/12/2021,ESTADOS UNIDOS,NASDAQ
FCNCA,"FIRST CITIZENS BANCSHARES, INC.",US31946M1036,04/04/2025,ESTADOS UNIDOS,NASDAQ
FFIV,"F5, INC.",US3156161024,22/07/2015,ESTADOS UNIDOS,NASDAQ
FIGR,"FIGURE TECHNOLOGY SOLUTIONS, INC.",US3493811034,19/03/2026,ESTADOS UNIDOS,NASDAQ
FISV,"FISERV, INC.",US3377381088,22/07/2015,ESTADOS UNIDOS,NASDAQ
FIVE,"FIVE BELOW, INC.",US33829M1018,04/12/2019,ESTADOS UNIDOS,NASDAQ
FIVN,FIVE9 INC,US3383071012,21/06/2019,ESTADOS UNIDOS,NASDAQ
FIZZ,NATIONAL BEVERAGE CORP.,US6350171061,07/08/2020,ESTADOS UNIDOS,NASDAQ
FLEX,FLEX LTD.,SG9999000020,28/10/2011,SINGAPUR,NASDAQ
FLGT,"FULGENT GENETICS, INC.",US3596641098,04/12/2018,ESTADOS UNIDOS,NASDAQ
FLNA,"FILANA THERAPEUTICS, INC.",US14817C1071,26/02/2021,ESTADOS UNIDOS,NASDAQ
FLNC,"FLUENCE ENERGY, INC.",US34379V1035,04/10/2024,ESTADOS UNIDOS,NASDAQ
FLWS,"1-800-FLOWERS.COM, INC.",US68243Q1067,12/01/2022,ESTADOS UNIDOS,NASDAQ
FOLD,"AMICUS THERAPEUTICS, INC.",US03152W1099,11/03/2020,ESTADOS UNIDOS,NASDAQ
FOX1,FOX CORPORATION,US35137L2043,22/03/2019,ESTADOS UNIDOS,NASDAQ
FOXA, FOX CORPORATION,US35137L1052,04/04/2025,ESTADOS UNIDOS,NASDAQ
FRMM,"FORUM MARKETS, INCORPORATED",US68236V4014,22/08/2025,ESTADOS UNIDOS,NASDAQ
FROG,JFROG LTD.,IL0011684185,21/03/2025,ISRAEL,NASDAQ
FRVO,FERVO ENERGY COMPANY,US31556C1062,14/08/2026,ESTADOS UNIDOS,NASDAQ
FSLR,FIRST SOLAR INC.,US3364331070,28/05/2008,ESTADOS UNIDOS,NASDAQ
FSLY,"FASTLY, INC.",US31188V1008,10/06/2020,ESTADOS UNIDOS,NASDAQ
FSUN,FIRSTSUN CAPITAL BANCORP,US33767U1079,03/09/2025,ESTADOS UNIDOS,NASDAQ
FTAV,FTAI AVIATION LTD.,KYG3730V1059,08/01/2026,ISLAS CAYMAN,NASDAQ
FTFT,FUTURE FINTECH GROUP INC.,US36117V5012,30/08/2021,ESTADOS UNIDOS,NASDAQ
FTNT,"FORTINET, INC.",US34959E1091,14/06/2019,ESTADOS UNIDOS,NASDAQ
FTRE1,FORTREA HOLDINGS INC.,US34965K1079,04/07/2023,ESTADOS UNIDOS,NASDAQ
FUTU,FUTU HOLDINGS LIMITED,US36118L1061,22/01/2021,ISLAS CAYMAN,NASDAQ
FWDI,"FORWARD INDUSTRIES, INC.",US3499321038,14/10/2025,ESTADOS UNIDOS,NASDAQ
FWONK1,LIBERTY MEDIA CORPORATION,US5312297550,07/08/2023,ESTADOS UNIDOS,NASDAQ
GCT,GIGACLOUD TECHNOLOGY INC,KYG386441037,18/08/2025,ISLAS CAYMAN,NASDAQ
GDS,GDS HOLDINGS LIMITED,US36165L1089,26/01/2018,ISLAS CAYMAN,NASDAQ
GEHC,GE HEALTHCARE TECHNOLOGIES INC.,US36266G1076,05/01/2023,ESTADOS UNIDOS,NASDAQ
GEN,GEN DIGITAL INC.,US6687711084,08/11/2016,ESTADOS UNIDOS,NASDAQ
GET,GETNET ADQUIRENCIA E SERVICOS PARA MEIOS DE PAGAMENTO S.A.,US37428A1034,25/10/2021,BRASIL,NASDAQ
GEVO,"GEVO, INC.",US3743964062,17/02/2021,ESTADOS UNIDOS,NASDAQ
GFS,GLOBALFOUNDRIES INC.,KYG393871085,23/03/2022,ISLAS CAYMAN,NASDAQ
GGAL,GRUPO FINANCIERO GALICIA S.A.,US3999091008,16/03/2017,ARGENTINA,NASDAQ
GH,Guardant Health Inc.,US40131M1099,10/12/2019,ESTADOS UNIDOS,NASDAQ
GILD,GILEAD SCIENCES INC.,US3755581036,07/05/2008,ESTADOS UNIDOS,NASDAQ
GLBE,GLOBAL-E ONLINE LTD.,IL0011741688,24/08/2021,ISRAEL,NASDAQ
GLNG,GOLAR LNG LIMITED,BMG9456A1009,29/05/2019,BERMUDA,NASDAQ
GLPI,"GAMING AND LEISURE PROPERTIES, INC.",US36467J1088,16/12/2022,ESTADOS UNIDOS,NASDAQ
GLXY,GALAXY DIGITAL HOLDINGS INC.,US36317J2096,08/10/2020,ESTADOS UNIDOS,NASDAQ
GMAB1,GENMAB A/S,US3723032062,23/04/2025,DINAMARCA,NASDAQ
GOOG,ALPHABET INC.,US02079K1079,03/04/2014,ESTADOS UNIDOS,NASDAQ
GOOGL,ALPHABET INC.,US02079K3059,11/11/2004,ESTADOS UNIDOS,NASDAQ
GPRO,"GOPRO, INC.",US38268T1034,14/10/2014,ESTADOS UNIDOS,NASDAQ
GRAB,GRAB HOLDINGS LIMITED,KYG4124C1096,18/08/2025,ISLAS CAYMAN,NASDAQ
GRAL,"GRAIL, INC.",US3847471014,26/06/2024,ESTADOS UNIDOS,NASDAQ
GRPN,"GROUPON, INC.",US3994732069,05/06/2019,ESTADOS UNIDOS,NASDAQ
GRWG,GROWGENERATION CORP.,US39986L1098,26/01/2021,ESTADOS UNIDOS,NASDAQ
GSM,FERROGLOBE PLC,GB00BYW6GV68,02/03/2021,REINO UNIDO,NASDAQ
GT,THE GOODYEAR TIRE & RUBBER CO. ,US3825501014,15/03/2013,ESTADOS UNIDOS,NASDAQ
GTLB,GITLAB INC.,US37637K1088,25/01/2024,ESTADOS UNIDOS,NASDAQ
GTM,ZOOMINFO TECHNOLOGIES INC.,US98980F1049,10/07/2026,ESTADOS UNIDOS,NASDAQ
GTX,GARRETT MOTION INC. ,US3665051054,02/05/2022,ESTADOS UNIDOS,NASDAQ
HALO,"HALOZYME THERAPEUTICS, INC.",US40637H1095,18/08/2021,ESTADOS UNIDOS,NASDAQ
HAS,"HASBRO, INC.",US4180561072,06/06/2019,ESTADOS UNIDOS,NASDAQ
HBAN,HUNTINGTON BANCSHARES INCORPORATED,US4461501045,30/04/2019,ESTADOS UNIDOS,NASDAQ
HOLX,"HOLOGIC, INC.",US4364401012,17/10/2018,ESTADOS UNIDOS,NASDAQ
HON,"HONEYWELL INTERNATIONAL, INC.",US4385162056,29/05/2003,ESTADOS UNIDOS,NASDAQ
HONA,HONEYWELL AEROSPACE INC.,US43849R1059,30/06/2026,ESTADOS UNIDOS,NASDAQ
HOOD,"ROBINHOOD MARKETS, INC.",US7707001027,01/11/2021,ESTADOS UNIDOS,NASDAQ
HQY,"HEALTHEQUITY, INC.",US42226A1079,03/06/2024,ESTADOS UNIDOS,NASDAQ
HRMY,"HARMONY BIOSCIENCES HOLDINGS, INC.",US4131971040,31/10/2025,ESTADOS UNIDOS,NASDAQ
HSAI,HESAI GROUP,US4280501085,12/11/2025,CHINA,NASDAQ
HSDT,SOLANA COMPANY,US42328V8761,03/11/2025,ESTADOS UNIDOS,NASDAQ
HSIC,"HENRY SCHEIN, INC.",US8064071025,08/09/2022,ESTADOS UNIDOS,NASDAQ
HST,"HOST HOTELS & RESORTS, INC.",US44107P1049,16/12/2022,ESTADOS UNIDOS,NASDAQ
HTHT,H WORLD GROUP LIMITED,US44332N1063,21/11/2017,ISLAS CAYMAN,NASDAQ
HTZ1,"HERTZ GLOBAL HOLDINGS, INC.",US42806J7000,10/02/2022,ESTADOS UNIDOS,NASDAQ
HUT1,HUT 8 CORP.,US44812J1043,04/12/2023,ESTADOS UNIDOS,NASDAQ
IBKR,"INTERACTIVE BROKERS GROUP, INC.",US45841N1072,30/09/2019,ESTADOS UNIDOS,NASDAQ
IBOC,INTERNATIONAL BANCSHARES CORPORATION,US4590441030,12/04/2018,ESTADOS UNIDOS,NASDAQ
ICLR,ICON PLC,IE0005711209,18/08/2021,IRLANDA,NASDAQ
IDXX,"IDEXX LABORATORIES, INC.",US45168D1046,22/01/2021,ESTADOS UNIDOS,NASDAQ
IFRX,INFLARX N.V.,NL0012661870,05/07/2018,HOLANDA,NASDAQ
ILMN,"ILLUMINA, INC.",US4523271090,25/03/2014,ESTADOS UNIDOS,NASDAQ
IMXI,"INTERNATIONAL MONEY EXPRESS, INC.",US46005L1017,23/09/2024,ESTADOS UNIDOS,NASDAQ
INCY,INCYTE CORPORATION ,US45337C1027,14/06/2019,ESTADOS UNIDOS,NASDAQ
INDV1,"INDIVIOR PHARMACEUTICALS, INC.",US45579U1097,27/01/2026,ESTADOS UNIDOS,NASDAQ
INMD,INMODE LTD.,IL0011595993,04/11/2024,ISRAEL,NASDAQ
INO,"INOVIO PHARMACEUTICALS, INC.",US45773H4092,23/03/2020,ESTADOS UNIDOS,NASDAQ
INSM,INSMED INCORPORATED ,US4576693075,14/06/2019,ESTADOS UNIDOS,NASDAQ
INTC,INTEL CORPORATION,US4581401001,29/05/2003,ESTADOS UNIDOS,NASDAQ
INTR,"INTER & CO, INC.",KYG4R20B1074,15/07/2026,ISLAS CAYMAN,NASDAQ
INTU,INTUIT INC.,US4612021034,22/07/2015,ESTADOS UNIDOS,NASDAQ
IONS,"IONIS PHARMACEUTICALS, INC.",US4622221004,14/06/2019,ESTADOS UNIDOS,NASDAQ
IPGP,IPG PHOTONICS CORPORATION,US44980X1090,03/11/2016,ESTADOS UNIDOS,NASDAQ
ISRG,"INTUITIVE SURGICAL, INC.",US46120E6023,07/02/2018,ESTADOS UNIDOS,NASDAQ
ITRI,"ITRON, INC.",US4657411066,19/02/2019,ESTADOS UNIDOS,NASDAQ
JACK,JACK IN THE BOX INC.,US4663671091,20/05/2024,ESTADOS UNIDOS,NASDAQ
JAZZ,JAZZ PHARMACEUTICALS PUBLIC LIMITED COMPANY,IE00B4Q5ZN47,02/09/2020,IRLANDA,NASDAQ
JBHT,"J.B. HUNT TRANSPORT SERVICES, INC.",US4456581077,30/04/2024,ESTADOS UNIDOS,NASDAQ
JBLU,JETBLUE AIRWAYS CORPORATION,US4771431016,30/04/2013,ESTADOS UNIDOS,NASDAQ
JD,"JD.COM, INC.",US47215P1066,20/01/2015,ISLAS CAYMAN,NASDAQ
JKHY,"JACK HENRY & ASSOCIATES, INC.",US4262811015,15/05/2025,ESTADOS UNIDOS,NASDAQ
JOYY,JOYY INC.,US46591M1099,16/11/2017,ISLAS CAYMAN,NASDAQ
KDP,KEURIG DR PEPPER INC.,US49271V1008,04/04/2025,ESTADOS UNIDOS,NASDAQ
KEEL,KEEL INFRASTRUCTURE CORP.,US4869171078,05/12/2025,ESTADOS UNIDOS,NASDAQ
KHC,THE KRAFT HEINZ COMPANY,US5007541064,07/07/2015,ESTADOS UNIDOS,NASDAQ
KLAC,KLA CORPORATION,US4824801009,16/05/2019,ESTADOS UNIDOS,NASDAQ
KNSA,"KINIKSA PHARMACEUTICALS INTERNATIONAL, PLC",GB00BRXB0C07,30/12/2025,REINO UNIDO,NASDAQ
KOD,KODIAK SCIENCES INC.,US50015M1099,14/09/2020,ESTADOS UNIDOS,NASDAQ
KRNT,KORNIT DIGITAL LTD.,IL0011216723,11/11/2021,ESTADOS UNIDOS,NASDAQ
KTOS,"KRATOS DEFENSE & SECURITY SOLUTIONS, INC.",US50077B2079,14/07/2025,ESTADOS UNIDOS,NASDAQ
KYNB,"KYNTRA BIO, INC.",US31572Q8814,12/05/2015,ESTADOS UNIDOS,NASDAQ
LAMR,LAMAR ADVERTISING COMPANY,US5128161099,16/12/2022,ESTADOS UNIDOS,NASDAQ
LAUR,"LAUREATE EDUCATION, INC.",US5186132032,12/01/2023,ESTADOS UNIDOS,NASDAQ
LAZR,"LUMINAR TECHNOLOGIES, INC.",US5504243032,22/12/2020,ESTADOS UNIDOS,NASDAQ
LBTYA,LIBERTY GLOBAL PLC,BMG611881019,21/09/2017,BERMUDA,NASDAQ
LCID,"LUCID GROUP, INC.",US5494982029,27/07/2021,ESTADOS UNIDOS,NASDAQ
LECO,"LINCOLN ELECTRIC HOLDINGS, INC.",US5339001068,12/06/2023,ESTADOS UNIDOS,NASDAQ
LIA,LI AUTO INC.,US50202M1027,23/11/2020,ISLAS CAYMAN,NASDAQ
LIN1,LINDE PLC,IE000S9YS762,03/03/2023,IRLANDA,NASDAQ
LINE,"LINEAGE, INC.",US53566V1061,13/05/2025,ESTADOS UNIDOS,NASDAQ
LITE,LUMENTUM HOLDINGS INC.,US55024U1097,04/05/2018,ESTADOS UNIDOS,NASDAQ
LKQ,LKQ CORPORATION,US5018892084,23/02/2023,ESTADOS UNIDOS,NASDAQ
LLYVA1,"LIBERTY LIVE HOLDINGS, INC.",US5309091008,17/12/2025,ESTADOS UNIDOS,NASDAQ
LLYVK1,"LIBERTY LIVE HOLDINGS, INC.",US5309093087,17/12/2025,ESTADOS UNIDOS,NASDAQ
LNT,ALLIANT ENERGY CORPORATION,US0188021085,13/05/2025,ESTADOS UNIDOS,NASDAQ
LOGI,LOGITECH INTERNATIONAL S.A.,CH0025751329,26/11/2009,SUIZA,NASDAQ
LPLA,LPL FINANCIAL HOLDINGS INC. ,US50212V1008,11/11/2021,ESTADOS UNIDOS,NASDAQ
LPSN,"LivePerson, Inc.",US5381463091,15/05/2020,ESTADOS UNIDOS,NASDAQ
LRCX,Lam Research Corporation,US5128073062,11/02/2020,ESTADOS UNIDOS,NASDAQ
LSCC,LATTICE SEMICONDUCTOR CORPORATION,US5184151042,30/04/2026,ESTADOS UNIDOS,NASDAQ
LULU,LULULEMON ATHLETICA INC.,US5500211090,12/10/2018,ESTADOS UNIDOS,NASDAQ
LVGO,"LIVONGO HEALTH, INC.",US5391831030,27/07/2020,ESTADOS UNIDOS,NASDAQ
LYFT,LYFT INC,US55087P1049,03/09/2019,ESTADOS UNIDOS,NASDAQ
MANH,"MANHATTAN ASSOCIATES, INC.",US5627501092,16/03/2022,ESTADOS UNIDOS,NASDAQ
MAR,"MARRIOTT INTERNATIONAL, INC.",US5719032022,02/03/2021,ESTADOS UNIDOS,NASDAQ
MARA,"MARA HOLDINGS, INC.",US5657881067,29/01/2021,ESTADOS UNIDOS,NASDAQ
MASI,MASIMO CORPORATION,US5747951003,14/06/2019,ESTADOS UNIDOS,NASDAQ
MAT,"MATTEL, INC.",US5770811025,06/06/2019,ESTADOS UNIDOS,NASDAQ
MBLY,MOBILEYE GLOBAL INC.,US60741F1049,08/02/2024,ESTADOS UNIDOS,NASDAQ
MCHP,MICROCHIP TECHNOLOGY INCORPORATED,US5950171042,28/03/2018,ESTADOS UNIDOS,NASDAQ
MDB,"MONGODB, INC.",US60937P1066,02/12/2019,ESTADOS UNIDOS,NASDAQ
MDLZ,MONDELEZ INTERNATIONAL INC.,US6092071058,01/10/2008,ESTADOS UNIDOS,NASDAQ
MEDP,"MEDPACE HOLDINGS, INC.",US58506Q1094,06/03/2019,ESTADOS UNIDOS,NASDAQ
MELI,MERCADOLIBRE INC.,US58733R1023,21/01/2008,ARGENTINA,NASDAQ
MEOH,METHANEX CORPORATION,CA59151K1084,06/03/2019,CANADA,NASDAQ
META,"META PLATFORMS, INC.",US30303M1027,02/10/2012,ESTADOS UNIDOS,NASDAQ
MGNI,"MAGNITE, INC.",US55955D1000,23/02/2021,ESTADOS UNIDOS,NASDAQ
MGRC,MCGRATH RENTCORP,US5805891091,05/04/2023,ESTADOS UNIDOS,NASDAQ
MIRM,"MIRUM PHARMACEUTICALS, INC.",US6047491013,05/08/2021,ESTADOS UNIDOS,NASDAQ
MKSI,MKS INC.,US55306N1046,02/12/2019,ESTADOS UNIDOS,NASDAQ
MKTW,"MARKETWISE, INC.",US57064P2065,05/08/2022,ESTADOS UNIDOS,NASDAQ
MKTX,MARKETAXESS HOLDINGS INC.,US57060D1081,01/02/2018,ESTADOS UNIDOS,NASDAQ
MLCO,MELCO RESORTS AND ENTERTAINMENT LIMITED,US5854641009,07/03/2017,ISLAS CAYMAN,NASDAQ
MLTX,MOONLAKE IMMUNOTHERAPEUTICS,KY61559X1045,13/07/2023,ISLAS CAYMAN,NASDAQ
MNDY,MONDAY.COM LTD.,IL0011762130,17/02/2025,ISRAEL,NASDAQ
MNST,MONSTER BEVERAGE CORPORATION,US61174X1090,01/02/2018,ESTADOS UNIDOS,NASDAQ
MOMO,HELLO GROUP INC.,US4234031049,16/05/2018,ISLAS CAYMAN,NASDAQ
MORN,"MORNINGSTAR, INC.",US6177001095,05/04/2023,ESTADOS UNIDOS,NASDAQ
MPWR,"MONOLITHIC POWER SYSTEMS, INC.",US6098391054,02/12/2019,ESTADOS UNIDOS,NASDAQ
MQ,"MARQETA, INC.",US57142B2034,10/12/2021,ESTADOS UNIDOS,NASDAQ
MRCY,"MERCURY SYSTEMS, INC.",US5893781089,29/09/2025,ESTADOS UNIDOS,NASDAQ
MRNA,"MODERNA, INC.",US60770K1079,13/03/2019,ESTADOS UNIDOS,NASDAQ
MRNS,"MARINUS PHARMACEUTICALS, INC.",US56854Q2003,28/11/2017,ESTADOS UNIDOS,NASDAQ
MRVI,"MARAVAI LIFESCIENCES HOLDINGS, INC.",US56600D1072,22/03/2022,ESTADOS UNIDOS,NASDAQ
MRVL1,"MARVELL TECHNOLOGY, INC.",US5738741041,22/04/2021,ESTADOS UNIDOS,NASDAQ
MSFT,MICROSOFT CORPORATION,US5949181045,29/05/2003,ESTADOS UNIDOS,NASDAQ
MSTR,STRATEGY INC,US5949724083,19/01/2021,ESTADOS UNIDOS,NASDAQ
MTCH1,"MATCH GROUP, INC.",US57667L1070,03/07/2020,ESTADOS UNIDOS,NASDAQ
MTLS,MATERIALISE NV,US57667T1007,15/02/2021,BELGICA,NASDAQ
MTSI,"MACOM TECHNOLOGY SOLUTIONS HOLDINGS, INC.",US55405Y1001,14/02/2025,ESTADOS UNIDOS,NASDAQ
MU,MICRON TECHNOLOGY INC.,US5951121038,12/11/2004,ESTADOS UNIDOS,NASDAQ
MXL,"MAXLINEAR, INC.",US57776J1007,13/05/2026,ESTADOS UNIDOS,NASDAQ
NBIS,NEBIUS GROUP N.V.,NL0009805522,11/02/2025,HOLANDA,NASDAQ
NBIX,"NEUROCRINE BIOSCIENCES, INC.",US64125C1099,03/11/2025,ESTADOS UNIDOS,NASDAQ
NBSE,"NEUBASE THERAPEUTICS, INC.",US64132K2015,28/01/2021,ESTADOS UNIDOS,NASDAQ
NCNO1,"NCINO, INC.",US63947X1019,11/01/2022,ESTADOS UNIDOS,NASDAQ
NDAQ,"Nasdaq, Inc.",US6311031081,04/04/2019,ESTADOS UNIDOS,NASDAQ
NDSN,NORDSON CORPORATION ,US6556631025,11/11/2021,ESTADOS UNIDOS,NASDAQ
NEO,"NEOGENOMICS, INC.",US64049M2098,15/07/2019,ESTADOS UNIDOS,NASDAQ
NFE,NEW FORTRESS ENERGY INC.,US6443931000,04/02/2026,ESTADOS UNIDOS,NASDAQ
NFLX,"NETFLIX, INC.",US64110L1061,21/03/2012,ESTADOS UNIDOS,NASDAQ
NIU,NIU TECHNOLOGIES,US65481N1000,15/02/2021,ISLAS CAYMAN,NASDAQ
NKTR,NEKTAR THERAPEUTICS,US6402683063,31/05/2019,ESTADOS UNIDOS,NASDAQ
NOVT,NOVANTA INC.,CA67000B1040,26/03/2019,CANADA,NASDAQ
NSIT,"INSIGHT ENTERPRISES, INC.",US45765U1034,30/04/2019,ESTADOS UNIDOS,NASDAQ
NTAP,"NETAPP, INC.",US64110D1046,12/05/2023,ESTADOS UNIDOS,NASDAQ
NTES,"NETEASE, INC.",US64110W1027,17/06/2011,CHINA,NASDAQ
NTNX,"NUTANIX, INC.",US67059N1081,04/10/2024,ESTADOS UNIDOS,NASDAQ
NTRA,"NATERA, INC.",US6323071042,28/08/2025,ESTADOS UNIDOS,NASDAQ
NTRS,NORTHERN TRUST CORPORATION,US6658591044,01/03/2018,ESTADOS UNIDOS,NASDAQ
NVAX,"NOVAVAX, INC.",US6700024010,13/07/2020,ESTADOS UNIDOS,NASDAQ
NVCR,NOVOCURE LIMITED,JE00BYSS4X48,09/09/2021,JERSEY,NASDAQ
NVDA,NVIDIA CORPORATION,US67066G1040,18/02/2011,ESTADOS UNIDOS,NASDAQ
NVTS,NAVITAS SEMICONDUCTOR CORPORATION,US63942X1063,17/06/2025,ESTADOS UNIDOS,NASDAQ
NXPI,NXP SEMICONDUCTORS N.V.,NL0009538784,17/03/2016,HOLANDA,NASDAQ
NXT1,NEXTPOWER INC.,US65290E1010,03/01/2024,ESTADOS UNIDOS,NASDAQ
OCGN,"OCUGEN, INC.",US67577C1053,29/04/2021,ESTADOS UNIDOS,NASDAQ
ODFL,"OLD DOMINION FREIGHT LINE, INC.",US6795801009,09/03/2020,ESTADOS UNIDOS,NASDAQ
ODP,THE ODP CORPORATION,US88337F1057,21/01/2008,ESTADOS UNIDOS,NASDAQ
OKTA,"OKTA, INC.",US6792951054,06/12/2019,ESTADOS UNIDOS,NASDAQ
OLED,UNIVERSAL DISPLAY CORPORATION,US91347P1057,06/12/2019,ESTADOS UNIDOS,NASDAQ
OLLI,"OLLIES BARGAIN OUTLET HOLDINGS, INC.",US6811161099,15/05/2025,ESTADOS UNIDOS,NASDAQ
OMCL,"OMNICELL, INC.",US68213N1090,22/01/2021,ESTADOS UNIDOS,NASDAQ
ON,ON SEMICONDUCTOR CORPORATION,US6821891057,08/02/2018,ESTADOS UNIDOS,NASDAQ
ONC,BEONE MEDICINES LTD.,US07725L1026,13/11/2017,SUIZA,NASDAQ
OPCH,"OPTION CARE HEALTH, INC.",US68404L2016,22/03/2022,ESTADOS UNIDOS,NASDAQ
OPEN1,OPENDOOR TECHNOLOGIES INC.,US6837121036,22/03/2021,ESTADOS UNIDOS,NASDAQ
OPK,"OPKO HEALTH, INC.",US68375N1037,15/12/2011,ESTADOS UNIDOS,NASDAQ
ORLY,"O’REILLY AUTOMOTIVE, INC.",US67103H1077,15/12/2015,ESTADOS UNIDOS,NASDAQ
OZK,BANK OZK,US06417N1037,03/11/2016,ESTADOS UNIDOS,NASDAQ
PACB,"PACIFIC BIOSCIENCES OF CALIFORNIA, INC. ",US69404D1081,07/04/2025,ESTADOS UNIDOS,NASDAQ
PANW,"PALO ALTO NETWORKS, INC.",US6974351057,06/12/2019,ESTADOS UNIDOS,NASDAQ
PAX,PATRIA INVESTMENTS LIMITED,KYG694511059,15/04/2026,ISLAS CAYMAN,NASDAQ
PAYX,"PAYCHEX, INC.",US7043261079,04/11/2020,ESTADOS UNIDOS,NASDAQ
PCAR,PACCAR INC,US6937181088,08/02/2024,ESTADOS UNIDOS,NASDAQ
PCT,"PURECYCLE TECHNOLOGIES, INC.",US74623V1035,21/07/2021,ESTADOS UNIDOS,NASDAQ
PCTY,PAYLOCITY HOLDING CORPORATION,US70438V1061,03/08/2021,ESTADOS UNIDOS,NASDAQ
PDD,PDD HOLDINGS INC.,US7223041028,17/07/2020,ISLAS CAYMAN,NASDAQ
PENN,"PENN ENTERTAINMENT, INC.",US7075691094,29/04/2021,ESTADOS UNIDOS,NASDAQ
PEP,PEPSICO INC.,US7134481081,12/11/2004,ESTADOS UNIDOS,NASDAQ
PFG,"PRINCIPAL FINANCIAL GROUP, INC.",US74251V1026,22/02/2022,ESTADOS UNIDOS,NASDAQ
PGY,PAGAYA TECHNOLOGIES LTD.,IL0011858912,15/07/2026,ISRAEL,NASDAQ
PI,"IMPINJ, INC.",US4532041096,18/07/2024,ESTADOS UNIDOS,NASDAQ
PICS,PICS N.V.,NL0015073TP4,30/04/2026,HOLANDA,NASDAQ
PLMR,"PALOMAR HOLDINGS, INC.",US69753M1053,15/07/2026,ESTADOS UNIDOS,NASDAQ
PLTR,PALANTIR TECHNOLOGIES INC.,US69608A1088,01/10/2021,ESTADOS UNIDOS,NASDAQ
PLUG,PLUG POWER INC.,US72919P2020,22/12/2020,ESTADOS UNIDOS,NASDAQ
PLXS,PLEXUS CORP.,US7291321005,29/11/2022,ESTADOS UNIDOS,NASDAQ
PODD,INSULET CORPORATION,US45784P1012,09/09/2021,ESTADOS UNIDOS,NASDAQ
PONY,PONY AI INC.,US7329081084,21/11/2025,ISLAS CAYMAN,NASDAQ
POOL,Pool Corporation,US73278L1052,20/02/2019,ESTADOS UNIDOS,NASDAQ
PPLI,PEOPLE INCORPORATED,US44891N2080,07/10/2020,ESTADOS UNIDOS,NASDAQ
PRCT,PROCEPT BIOROBOTICS CORPORATION,US74276L1052,02/08/2024,ESTADOS UNIDOS,NASDAQ
PRDO,PERDOCEO EDUCATION CORPORATION,US71363P1066,28/12/2023,ESTADOS UNIDOS,NASDAQ
PRGS,PROGRESS SOFTWARE CORPORATION,US7433121008,09/06/2026,ESTADOS UNIDOS,NASDAQ
PROK,PROKIDNEY CORP.,US74291D1046,26/01/2022,ESTADOS UNIDOS,NASDAQ
PRQR,"PROQR THERAPEUTICS, N.V.",NL0010872495,18/06/2019,HOLANDA,NASDAQ
PSKY,PARAMOUNT SKYDANCE CORPORATION,US69932A2042,08/08/2025,ESTADOS UNIDOS,NASDAQ
PTC,PTC INC.,US69370C1009,04/05/2018,ESTADOS UNIDOS,NASDAQ
PTGX,"PROTAGONIST THERAPEUTICS, INC.",US74366E1029,24/09/2025,ESTADOS UNIDOS,NASDAQ
PTON,"PELOTON INTERACTIVE, INC.",US70614W1009,12/02/2020,ESTADOS UNIDOS,NASDAQ
PWFL,"POWERFLEET, INC.",US73931J1097,27/03/2024,ESTADOS UNIDOS,NASDAQ
PXMD,"PAXMEDICA, INC.",US70424C2035,07/12/2022,ESTADOS UNIDOS,NASDAQ
PYPL,"PAYPAL HOLDINGS, INC.",US70450Y1038,20/07/2015,ESTADOS UNIDOS,NASDAQ
QBTS,D-WAVE QUANTUM INC.,US26740W1099,31/10/2025,ESTADOS UNIDOS,NASDAQ
QCOM,QUALCOMM INC.,US7475251036,04/05/2004,ESTADOS UNIDOS,NASDAQ
QDEL1,QUIDELORTHO CORPORATION,US2197981051,30/05/2022,ESTADOS UNIDOS,NASDAQ
QFIN,"QFIN HOLDINGS, INC.",US88557W1018,17/02/2025,ISLAS CAYMAN,NASDAQ
QLYS,"QUALYS, INC.",US74758T3032,22/01/2021,ESTADOS UNIDOS,NASDAQ
QRVO,"QORVO, INC. ",US74736K1016,11/11/2021,ESTADOS UNIDOS,NASDAQ
QS,QUANTUMSCAPE CORPORATION,US74767V1098,22/12/2020,ESTADOS UNIDOS,NASDAQ
QUBT,QUANTUM COMPUTING INC.,US74766W1080,28/11/2024,ESTADOS UNIDOS,NASDAQ
QURE,UNIQURE N.V.,NL0010696654,22/03/2022,HOLANDA,NASDAQ
QVCGA,"QVC GROUP, INC.",US74915M6057,06/09/2021,ESTADOS UNIDOS,NASDAQ
RAIL,"FREIGHTCAR AMERICA, INC.",US3570231007,19/02/2025,ESTADOS UNIDOS,NASDAQ
RARE,ULTRAGENYX PHARMACEUTICAL INC. ,US90400D1081,14/06/2019,ESTADOS UNIDOS,NASDAQ
RDNT,"RADNET, INC.",US7504911022,15/05/2026,ESTADOS UNIDOS,NASDAQ
REG1,REGENCY CENTERS CORPORATION,US7588491032,05/11/2020,ESTADOS UNIDOS,NASDAQ
REGN,"REGENERON PHARMACEUTICALS, INC.",US75886F1075,15/12/2015,ESTADOS UNIDOS,NASDAQ
RELY,"REMITLY GLOBAL, INC.",US75960P1049,18/08/2025,ESTADOS UNIDOS,NASDAQ
RGLD,"ROYAL GOLD, INC.",US7802871084,20/12/2017,ESTADOS UNIDOS,NASDAQ
RGTI,"RIGETTI COMPUTING, INC.",US76655K1034,31/12/2024,ESTADOS UNIDOS,NASDAQ
RIOT,"RIOT PLATFORMS, INC.",US7672921050,03/02/2021,ESTADOS UNIDOS,NASDAQ
RIVN,"RIVIAN AUTOMOTIVE, INC.",US76954A1034,31/03/2022,ESTADOS UNIDOS,NASDAQ
RKLB,ROCKET LAB CORPORATION,US7731211089,13/12/2024,ESTADOS UNIDOS,NASDAQ
RMBS,RAMBUS INC.,US7509171069,24/01/2006,ESTADOS UNIDOS,NASDAQ
RMR,THE RMR GROUP INC.,US74967R1068,27/01/2020,ESTADOS UNIDOS,NASDAQ
ROKU,"ROKU, INC.",US77543R1023,09/07/2020,ESTADOS UNIDOS,NASDAQ
ROP,"ROPER TECHNOLOGIES, INC.",US7766961061,07/02/2018,ESTADOS UNIDOS,NASDAQ
ROST,"ROSS STORES, INC.",US7782961038,18/06/2013,ESTADOS UNIDOS,NASDAQ
RPD,"RAPID7, INC.",US7534221046,07/06/2021,ESTADOS UNIDOS,NASDAQ
RPRX,ROYALTY PHARMA PLC,GB00BMVP7Y09,17/09/2020,REINO UNIDO,NASDAQ
RUN,SUNRUN INC.,US86771W1053,22/12/2020,ESTADOS UNIDOS,NASDAQ
RUSHA,"RUSH ENTERPRISES, INC.",US7818462092,22/01/2025,ESTADOS UNIDOS,NASDAQ
RVMD,"REVOLUTION MEDICINES, INC.",US76155X1000,22/05/2026,ESTADOS UNIDOS,NASDAQ
RXRX,"RECURSION PHARMACEUTICALS, INC.",US75629V1044,12/02/2025,ESTADOS UNIDOS,NASDAQ
RYAAY,RYANAIR HOLDINGS PLC,US7835132033,07/12/2018,IRLANDA,NASDAQ
RYTM,"RHYTHM PHARMACEUTICALS, INC. ",US76243J1051,18/06/2019,ESTADOS UNIDOS,NASDAQ
SAIA,"SAIA, INC.",US78709Y1055,31/07/2024,ESTADOS UNIDOS,NASDAQ
SBAC,SBA COMMUNICATIONS CORPORATION,US78410G1040,16/05/2019,ESTADOS UNIDOS,NASDAQ
SBET,"SHARPLINK, INC.",US8200144058,20/08/2025,ESTADOS UNIDOS,NASDAQ
SBRA,"SABRA HEALTH CARE REIT, INC.",US78573L1061,02/05/2022,ESTADOS UNIDOS,NASDAQ
SBUX,STARBUCKS CORP,US8552441094,04/05/2004,ESTADOS UNIDOS,NASDAQ
SCZM,SANTACRUZ SILVER MINING LTD. ,CA80280U2056,22/04/2026,CANADA,NASDAQ
SEDG,"SolarEdge Technologies, Inc.",US83417M1045,23/06/2020,ISRAEL,NASDAQ
SEIC,SEI INVESTMEST CO.,US7841171033,,ESTADOS UNIDOS,NASDAQ
SEZL,SEZZLE INC.,US78435P1057,15/07/2026,ESTADOS UNIDOS,NASDAQ
SFM,"SPROUTS FARMERS MARKET, INC.",US85208M1027,16/05/2025,ESTADOS UNIDOS,NASDAQ
SHOP,SHOPIFY INC.,CA82509L1076,13/02/2018,CANADA,NASDAQ
SIMO,SILICON MOTION TECHNOLOGY CORPORATION,US82706C1080,23/12/2015,ISLAS CAYMAN,NASDAQ
SIRI1,SIRIUS XM HOLDINGS INC.,US8299331004,11/09/2024,ESTADOS UNIDOS,NASDAQ
SITM,SITIME CORPORATION,US82982T1060,22/12/2025,ESTADOS UNIDOS,NASDAQ
SLAB,SILICON LABORATORIES INC.,US8269191024,23/07/2018,ESTADOS UNIDOS,NASDAQ
SLM,SLM CORPORATION,US78442P1066,16/05/2019,ESTADOS UNIDOS,NASDAQ
SMCI,"SUPER MICRO COMPUTER, INC.",US86800U3023,20/06/2023,ESTADOS UNIDOS,NASDAQ
SMMT,SUMMIT THERAPEUTICS INC.,US86627T1088,27/08/2024,ESTADOS UNIDOS,NASDAQ
SMTC,SEMTECH CORPORATION,US8168501018,09/12/2019,ESTADOS UNIDOS,NASDAQ
SNBR,SLEEP NUMBER CORPORATION,US83125X1037,08/11/2024,ESTADOS UNIDOS,NASDAQ
SNDK1,SANDISK CORPORATION,US80004C2008,25/02/2025,ESTADOS UNIDOS,NASDAQ
SNEX,STONEX GROUP INC.,US8618961085,22/01/2025,ESTADOS UNIDOS,NASDAQ
SNPS,"SYNOPSYS, INC.",US8716071076,16/05/2019,ESTADOS UNIDOS,NASDAQ
SOFI,"SOFI TECHNOLOGIES, INC.",US83406F1021,01/09/2021,ESTADOS UNIDOS,NASDAQ
SOLS,SOLSTICE ADVANCED MATERIALS INC.,US83443Q1031,30/10/2025,ESTADOS UNIDOS,NASDAQ
SOND,SONDER HOLDINGS INC.,US83542D3008,14/10/2022,ESTADOS UNIDOS,NASDAQ
SOUN,"SOUNDHOUND AI, INC.",US8361001071,31/07/2025,ESTADOS UNIDOS,NASDAQ
SPRO,"SPERO THERAPEUTICS, INC.",US84833T1034,14/08/2026,ESTADOS UNIDOS,NASDAQ
SPT,"SPROUT SOCIAL, INC.",US85209W1099,03/08/2021,ESTADOS UNIDOS,NASDAQ
SRPT,"SAREPTA THERAPEUTICS, INC.",US8036071004,24/12/2024,ESTADOS UNIDOS,NASDAQ
SSNC,"SS&C TECHNOLOGIES HOLDINGS, INC.",US78467J1007,12/04/2019,ESTADOS UNIDOS,NASDAQ
SSYS,STRATASYS LTD. ,IL0011267213,06/06/2014,ISRAEL,NASDAQ
STEP,STEPSTONE GROUP INC.,US85914M1071,22/09/2023,ESTADOS UNIDOS,NASDAQ
STLD,STEEL DYNAMICS,US8581191009,25/09/2006,ESTADOS UNIDOS,NASDAQ
STNE,STONECO LTD.,KYG851581069,15/12/2021,ISLAS CAYMAN,NASDAQ
STX,SEAGATE TECHNOLOGY PUBLIC LIMITED COMPANY,IE00BKVD2N49,05/11/2020,IRLANDA,NASDAQ
SWKS,"SKYWORKS SOLUTIONS, INC.",US83088M1027,12/03/2020,ESTADOS UNIDOS,NASDAQ
SYM,SYMBOTIC INC.,US87151X1019,13/03/2024,ESTADOS UNIDOS,NASDAQ
TCOM,TRIP.COM GROUP LIMITED,US89677Q1076,17/06/2011,CHINA,NASDAQ
TEAM,ATLASSIAN CORPORATION,US0494681010,21/06/2019,ESTADOS UNIDOS,NASDAQ
TECH,BIO-TECHNE CORPORATION,US09073M1045,11/11/2021,ESTADOS UNIDOS,NASDAQ
TEM,"TEMPUS AI, INC.",US88023B1035,07/11/2024,ESTADOS UNIDOS,NASDAQ
TENB,"TENABLE HOLDINGS, INC.",US88025T1025,03/08/2021,ESTADOS UNIDOS,NASDAQ
TIGR,UP FINTECH HOLDING LTD,US91531W1062,22/01/2021,ISLAS CAYMAN,NASDAQ
TILE,"INTERFACE, INC.",US4586653044,30/04/2019,ESTADOS UNIDOS,NASDAQ
TMDX,"TRANSMEDICS GROUP, INC.",US89377M1099,20/08/2025,ESTADOS UNIDOS,NASDAQ
TMUS,"T-MOBILE US, INC.",US8725901040,31/05/2019,ESTADOS UNIDOS,NASDAQ
TNDM,"TANDEM DIABETES CARE, INC.",US8753722037,22/03/2022,ESTADOS UNIDOS,NASDAQ
TPGI,TPG INC.,US8726571016,28/08/2025,ESTADOS UNIDOS,NASDAQ
TRAX,"FIRST TRACKS BIOTHERAPEUTICS, INC.",US3371851029,21/04/2026,ESTADOS UNIDOS,NASDAQ
TREE,"LENDINGTREE, INC.",US52603B1070,31/12/2019,ESTADOS UNIDOS,NASDAQ
TRIP,"TRIPADVISOR, INC.",US8969452015,13/06/2019,ESTADOS UNIDOS,NASDAQ
TRMB,TRIMBLE INC.,US8962391004,26/04/2018,ESTADOS UNIDOS,NASDAQ
TROW,"T. ROWE PRICE GROUP, INC.",US74144T1088,06/09/2021,ESTADOS UNIDOS,NASDAQ
TRUP,"TRUPANION, INC.",US8982021060,03/05/2022,ESTADOS UNIDOS,NASDAQ
TSCO1,TRACTOR SUPPLY COMPANY,US8923561067,26/09/2019,ESTADOS UNIDOS,NASDAQ
TSEM,TOWER SEMICONDUCTOR LTD.,IL0010823792,22/04/2026,ISRAEL,NASDAQ
TSLA,"TESLA, INC.",US88160R1014,18/02/2014,ESTADOS UNIDOS,NASDAQ
TTAN,"SERVICETITAN, INC.",US81764X1037,15/05/2025,ESTADOS UNIDOS,NASDAQ
TTD,"THE TRADE DESK, INC.",US88339J1051,02/12/2019,ESTADOS UNIDOS,NASDAQ
TTEK,Tetra Tech Inc.,US88162G1031,21/02/2019,ESTADOS UNIDOS,NASDAQ
TTMI,"TTM TECHNOLOGIES, INC.",US87305R1095,06/11/2025,ESTADOS UNIDOS,NASDAQ
TTWO,"TAKE-TWO INTERACTIVE SOFTWARE, INC.",US8740541094,09/01/2020,ESTADOS UNIDOS,NASDAQ
TW,TRADEWEB MARKETS INC.,US8926721064,04/04/2025,ESTADOS UNIDOS,NASDAQ
TXG,"10X GENOMICS, INC.",US88025U1097,10/02/2021,ESTADOS UNIDOS,NASDAQ
TXN,TEXAS INSTRUMENTS INC.,US8825081040,12/11/2004,ESTADOS UNIDOS,NASDAQ
TXRH,"TEXAS ROADHOUSE, INC.",US8826811098,08/11/2024,ESTADOS UNIDOS,NASDAQ
UAL,UNITED AIRLINES HOLDINGS INC.,US9100471096,31/07/2007,ESTADOS UNIDOS,NASDAQ
ULTA,"ULTA BEAUTY, INC.",US90384S3031,07/02/2018,ESTADOS UNIDOS,NASDAQ
UPBD,"UPBOUND GROUP, INC.",US76009N1000,26/11/2009,ESTADOS UNIDOS,NASDAQ
UPST,"UPSTART HOLDINGS, INC.",US91680M1071,23/11/2021,ESTADOS UNIDOS,NASDAQ
UPWK,UPWORK INC.,US91688F1049,23/11/2020,ESTADOS UNIDOS,NASDAQ
URBN,"URBAN OUTFITTERS, INC.",US9170471026,13/07/2022,ESTADOS UNIDOS,NASDAQ
USAR,"USA RARE EARTH, INC.",US91733P1075,10/10/2025,ESTADOS UNIDOS,NASDAQ
UTHR,UNITED THERAPEUTICS CORPORATION,US91307C1027,19/02/2024,ESTADOS UNIDOS,NASDAQ
UTSI,UTSTARCOM HOLDINGS CORP.,KYG9310A1224,14/03/2005,ISLAS CAYMAN,NASDAQ
VIAV,VIAVI SOLUTIONS INC.,US9255501051,12/02/2021,ESTADOS UNIDOS,NASDAQ
VICR,VICOR CORPORATION,US9258151029,27/07/2023,ESTADOS UNIDOS,NASDAQ
VIR,"VIR BIOTECHNOLOGY, INC.",US92764N1028,17/09/2021,ESTADOS UNIDOS,NASDAQ
VOD,VODAFONE GROUP PLC,US92857W3088,26/11/2003,REINO UNIDO,NASDAQ
VRM,"VROOM, INC.",US92918V2088,09/10/2020,ESTADOS UNIDOS,NASDAQ
VRNS,"VARONIS SYSTEMS, INC.",US9222801022,22/09/2025,ESTADOS UNIDOS,NASDAQ
VRSK,"VERISK ANALYTICS, INC",US92345Y1064,29/08/2013,ESTADOS UNIDOS,NASDAQ
VRSN,"VERISIGN, INC.",US92343E1029,31/10/2017,ESTADOS UNIDOS,NASDAQ
VRTX,VERTEX PHARMACEUTICALS INCORPORATED,US92532F1003,18/06/2013,ESTADOS UNIDOS,NASDAQ
VSNT,"VERSANT MEDIA GROUP, INC.",US9252831030,06/01/2026,ESTADOS UNIDOS,NASDAQ
VTGN,"VISTAGEN THERAPEUTICS, INC.",US92840H4002,02/03/2026,ESTADOS UNIDOS,NASDAQ
VTRS,VIATRIS INC.,US92556V1061,18/11/2020,ESTADOS UNIDOS,NASDAQ
VXRT,"VAXART, INC.",US92243A2006,12/02/2021,ESTADOS UNIDOS,NASDAQ
VYGR,"VOYAGER THERAPEUTICS, INC.",US92915B1061,18/06/2019,ESTADOS UNIDOS,NASDAQ
WB,WEIBO CORPORATION,US9485961018,27/09/2016,ISLAS CAYMAN,NASDAQ
WBA,WALGREEN BOOTS ALLIANCE INC,US9314271084,27/07/2010,ESTADOS UNIDOS,NASDAQ
WBD,"WARNER BROS. DISCOVERY, INC.",US9344231041,12/04/2022,ESTADOS UNIDOS,NASDAQ
WDAY,"WORKDAY, INC.",US98138H1014,20/06/2019,ESTADOS UNIDOS,NASDAQ
WDC,WESTERN DIGITAL CORPORATION.,US9581021055,10/05/2011,ESTADOS UNIDOS,NASDAQ
WIX,WIX.COM LTD.,IL0011301780,02/12/2019,ISRAEL,NASDAQ
WKHS,WORKHORSE GROUP INC.,US98138J5039,29/04/2021,ESTADOS UNIDOS,NASDAQ
WMG,WARNER MUSIC GROUP CORP.,US9345502036,28/08/2025,ESTADOS UNIDOS,NASDAQ
WMT,WALMART INC,US9311421039,29/05/2003,ESTADOS UNIDOS,NASDAQ
WOOF,"PETCO HEALTH AND WELLNESS COMPANY, INC.",US71601V1052,15/04/2021,ESTADOS UNIDOS,NASDAQ
WRD,WERIDE INC.,US9509151083,21/11/2025,ISLAS CAYMAN,NASDAQ
WSC,WILLSCOT MOBILE MINI HOLDINGS CORP.,US9713781048,05/04/2023,ESTADOS UNIDOS,NASDAQ
WTW,WILLIS TOWERS WATSON PUBLIC LIMITED COMPANY,IE00BDB6Q211,28/08/2025,IRLANDA,NASDAQ
WULF,TERAWULF INC.,US88080T1043,16/04/2024,ESTADOS UNIDOS,NASDAQ
WWD,"WOODWARD, INC.",US9807451037,29/09/2025,ESTADOS UNIDOS,NASDAQ
WYNN,Wynn Resorts Limited,US9831341071,20/08/2009,ESTADOS UNIDOS,NASDAQ
XEL,XCEL ENERGY INC.,US98389B1008,31/05/2019,ESTADOS UNIDOS,NASDAQ
XENE,XENON PHARMACEUTICALS INC.,CA98420N1050,29/09/2023,CANADA,NASDAQ
XP,XP INC.,KYG982391099,01/10/2021,ISLAS CAYMAN,NASDAQ
XRX,XEROX HOLDINGS CORPORATION,US98421M1062,01/11/2021,ESTADOS UNIDOS,NASDAQ
XWEL,"XWELL, INC.",US98420U8027,22/02/2021,ESTADOS UNIDOS,NASDAQ
Z,"ZILLOW GROUP, INC.",US98954M2008,28/09/2020,ESTADOS UNIDOS,NASDAQ
ZBRA,ZEBRA TECHNOLOGIES CORPORATION,US9892071054,11/07/2019,ESTADOS UNIDOS,NASDAQ
ZENA,"ZENATECH, INC.",CA98936T2083,23/01/2025,CANADA,NASDAQ
ZLAB,ZAI LAB LIMITED ,US98887Q1040,14/06/2019,ISLAS CAYMAN,NASDAQ
ZM,"ZOOM COMMUNICATIONS, INC.",US98980L1017,30/03/2020,ESTADOS UNIDOS,NASDAQ
ZS,"ZSCALER, INC.",US98980G1022,02/12/2019,ESTADOS UNIDOS,NASDAQ
A,"AGILENT TECHNOLOGIES, INC.",US00846U1016,01/11/2017,ESTADOS UNIDOS,NEW YORK STOCK EXCHANGE
AA1,ALCOA CORPORATION,US0138721065,24/11/2016,ESTADOS UNIDOS,NEW YORK STOCK EXCHANGE
AAP,"ADVANCE AUTO PARTS, INC.",US00751Y1064,05/03/2018,ESTADOS UNIDOS,NEW YORK STOCK EXCHANGE
AAU,ALMADEN MINERALS LTD.,CA0202833053,21/03/2012,CANADA,NEW YORK STOCK EXCHANGE
ABB,ABB Ltd,US0003752047,07/09/2009,SUIZA,NEW YORK STOCK EXCHANGE
ABBV,ABBVIE INC.,US00287Y1091,01/02/2013,ESTADOS UNIDOS,NEW YORK STOCK EXCHANGE
ABEV,AMBEV S.A.,US02319V1035,14/11/2013,BRASIL,NEW YORK STOCK EXCHANGE
ABT,ABBOTT LABORATORIES,US0028241000,11/11/2004,ESTADOS UNIDOS,NEW YORK STOCK EXCHANGE
ACA,"ARCOSA, INC.",US0396531008,06/11/2018,ESTADOS UNIDOS,NEW YORK STOCK EXCHANGE
ACHR,ARCHER AVIATION INC.,US03945R1023,11/07/2025,ESTADOS UNIDOS,NEW YORK STOCK EXCHANGE
ACM,AECOM,US00766T1007,27/03/2023,ESTADOS UNIDOS,NEW YORK STOCK EXCHANGE
ACN,ACCENTURE PLC,IE00B4BNMY34,11/10/2013,IRLANDA,NEW YORK STOCK EXCHANGE
ADC,AGREE REALTY CORPORATION,US0084921008,02/05/2022,ESTADOS UNIDOS,NEW YORK STOCK EXCHANGE
ADIG,ADI GLOBAL DISTRIBUTION INC.,US0010261032,05/08/2026,ESTADOS UNIDOS,NEW YORK STOCK EXCHANGE
ADM,ARCHER DANIELS MIDLAND CO.,US0394831020,22/02/2007,ESTADOS UNIDOS,NEW YORK STOCK EXCHANGE
AEE,AMEREN CORPORATION,US0236081024,02/08/2023,ESTADOS UNIDOS,NEW YORK STOCK EXCHANGE
AEG,AEGON LTD.,US0076CA1045,26/11/2003,BERMUDA,NEW YORK STOCK EXCHANGE
AEM,AGNICO EAGLE MINES LIMITED,CA0084741085,07/08/2020,CANADA,NEW YORK STOCK EXCHANGE
AENZ,AENZA S.A.A.,US00776D2027,13/11/2013,PERU,NEW YORK STOCK EXCHANGE
AEP,"AMERICAN ELECTRIC POWER COMPANY, INC.",US0255371017,31/05/2019,ESTADOS UNIDOS,NEW YORK STOCK EXCHANGE
AER,AERCAP HOLDINGS N.V.,NL0000687663,10/05/2022,HOLANDA,NEW YORK STOCK EXCHANGE
AES,THE AES CORPORATION,US00130H1059,31/12/2018,ESTADOS UNIDOS,NEW YORK STOCK EXCHANGE
AFL,AFLAC INCORPORATED ,US0010551028,30/12/2019,ESTADOS UNIDOS,NEW YORK STOCK EXCHANGE
AG1,FIRST MAJESTIC SILVER CORP.,CA32076V1031,28/03/2022,CANADA,NEW YORK STOCK EXCHANGE
AGCO,AGCO CORPORATION,US0010841023,10/06/2021,ESTADOS UNIDOS,NEW YORK STOCK EXCHANGE
AGI,ALAMOS GOLD INC.,CA0115321089,08/09/2020,CANADA,NEW YORK STOCK EXCHANGE
AGO,ASSURED GUARANTY LTD.,BMG0585R1060,16/05/2019,BERMUDA,NEW YORK STOCK EXCHANGE
AGRON,ADECOAGRO S.A. ,LU0584671464,07/04/2017,LUXEMBURGO,NEW YORK STOCK EXCHANGE
AHR,"AMERICAN HEALTHCARE REIT, INC.",US3981823038,15/05/2026,ESTADOS UNIDOS,NEW YORK STOCK EXCHANGE
AI1,"C3.AI, INC.",US12468P1049,29/04/2021,ESTADOS UNIDOS,NEW YORK STOCK EXCHANGE
AIG,AMERICAN INTERNATIONAL GROUP INC.,US0268747849,12/04/2004,ESTADOS UNIDOS,NEW YORK STOCK EXCHANGE
AIR1,AAR CORP.,US0003611052,29/09/2025,ESTADOS UNIDOS,NEW YORK STOCK EXCHANGE
AIZ,"ASSURANT, INC.",US04621X1081,09/07/2024,ESTADOS UNIDOS,NEW YORK STOCK EXCHANGE
AJG,ARTHUR J. GALLAGHER & CO.,US3635761097,31/05/2019,ESTADOS UNIDOS,NEW YORK STOCK EXCHANGE
ALB,ALBEMARLE CORPORATION,US0126531013,27/07/2017,ESTADOS UNIDOS,NEW YORK STOCK EXCHANGE
ALG,ALAMO GROUP INC.,US0113111076,31/07/2024,ESTADOS UNIDOS,NEW YORK STOCK EXCHANGE
ALL,THE ALLSTATE CORPORATION,US0200021014,11/11/2004,ESTADOS UNIDOS,NEW YORK STOCK EXCHANGE
ALLE,ALLEGION PUBLIC LIMITED COMPANY,IE00BFRT3W74,28/10/2014,IRLANDA,NEW YORK STOCK EXCHANGE
ALLY1,ALLY FINANCIAL INC.,US02005N1000,16/05/2019,ESTADOS UNIDOS,NEW YORK STOCK EXCHANGE
AMC,"AMC Entertainment Holdings, Inc.",US00165C3025,24/04/2020,ESTADOS UNIDOS,NEW YORK STOCK EXCHANGE
AMCR,AMCOR PLC,JE00BV7DQ550,30/09/2019,JERSEY,NEW YORK STOCK EXCHANGE
AME,"AMETEK, INC.",US0311001004,27/12/2018,ESTADOS UNIDOS,NEW YORK STOCK EXCHANGE
AMH,AMERICAN HOMES 4 RENT,US02665T3068,02/05/2022,ESTADOS UNIDOS,NEW YORK STOCK EXCHANGE
AMN,"AMN HEALTHCARE SERVICES, INC.",US0017441017,11/11/2021,ESTADOS UNIDOS,NEW YORK STOCK EXCHANGE
AMP,"AMERIPRISE FINANCIAL, INC.",US03076C1062,18/10/2017,ESTADOS UNIDOS,NEW YORK STOCK EXCHANGE
AMRZ,AMRIZE LTD,CH1430134226,24/06/2025,SUIZA,NEW YORK STOCK EXCHANGE
AMT,AMERICAN TOWER CORPORATION,US03027X1000,26/11/2015,ESTADOS UNIDOS,NEW YORK STOCK EXCHANGE
AMTM,"AMENTUM HOLDINGS, INC.",US0239391016,30/09/2024,ESTADOS UNIDOS,NEW YORK STOCK EXCHANGE
ANET,"ARISTA NETWORKS, INC.",US0404132054,07/02/2018,ESTADOS UNIDOS,NEW YORK STOCK EXCHANGE
ANF,ABERCROMBIE & FITCH CO.,US0028962076,03/09/2024,ESTADOS UNIDOS,NEW YORK STOCK EXCHANGE
ANGX,"ANGEL STUDIOS, INC.",US0349481095,15/10/2025,ESTADOS UNIDOS,NEW YORK STOCK EXCHANGE
AON,AON PLC,IE00BLP1HW54,22/12/2020,IRLANDA,NEW YORK STOCK EXCHANGE
AOS,A.O. SMITH CORPORATION,US8318652091,07/02/2018,ESTADOS UNIDOS,NEW YORK STOCK EXCHANGE
APA,APA CORPORATION,US03743Q1085,25/06/2008,ESTADOS UNIDOS,NEW YORK STOCK EXCHANGE
APD,"AIR PRODUCTS AND CHEMICALS, INC.",US0091581068,09/04/2010,ESTADOS UNIDOS,NEW YORK STOCK EXCHANGE
APH,AMPHENOL CORPORATION ,US0320951017,11/04/2014,ESTADOS UNIDOS,NEW YORK STOCK EXCHANGE
APLE,"APPLE HOSPITALITY REIT, INC.",US03784Y2000,14/03/2023,ESTADOS UNIDOS,NEW YORK STOCK EXCHANGE
APO1,"APOLLO GLOBAL MANAGEMENT, INC.",US03769M1062,04/01/2022,ESTADOS UNIDOS,NEW YORK STOCK EXCHANGE
APTV,APTIV PLC,JE00BTDN8H13,23/07/2018,JERSEY,NEW YORK STOCK EXCHANGE
AR,ANTERO RESOURCES CORPORATION,US03674X1063,09/03/2023,ESTADOS UNIDOS,NEW YORK STOCK EXCHANGE
ARCO,ARCOS DORADOS HOLDINGS INC.,VGG0457F1071,07/12/2020,ISLAS VÍRGENES (REINO UNIDO),NEW YORK STOCK EXCHANGE
ARE,"ALEXANDRIA REAL ESTATE EQUITIES, INC.",US0152711091,07/06/2017,ESTADOS UNIDOS,NEW YORK STOCK EXCHANGE
ARES,ARES MANAGEMENT CORPORATION ,US03990B1017,28/08/2025,ESTADOS UNIDOS,NEW YORK STOCK EXCHANGE
ARMK,ARAMARK,US03852U1060,28/04/2020,ESTADOS UNIDOS,NEW YORK STOCK EXCHANGE
ARR,"ARMOUR RESIDENTIAL REIT, INC.",US0423157058,24/11/2021,ESTADOS UNIDOS,NEW YORK STOCK EXCHANGE
ARW,"ARROW ELECTRONICS, INC.",US0427351004,13/03/2023,ESTADOS UNIDOS,NEW YORK STOCK EXCHANGE
AS,"AMER SPORTS, INC.",KYG0260P1028,28/08/2025,ISLAS CAYMAN,NEW YORK STOCK EXCHANGE
ASAI,SENDAS DISTRIBUIDORA S.A.,US81689T1043,10/03/2021,BRASIL,NEW YORK STOCK EXCHANGE
ASEH,"ASE TECHNOLOGY HOLDING CO, LTD",US00215W1009,04/05/2018,CHINA,NEW YORK STOCK EXCHANGE
ASH,ASHLAND INC.,US0441861046,09/03/2023,ESTADOS UNIDOS,NEW YORK STOCK EXCHANGE
ASIX,ADVANSIX INC.,US00773T1016,21/10/2016,ESTADOS UNIDOS,NEW YORK STOCK EXCHANGE
ATHM,AUTOHOME INC.,US05278C1071,20/02/2018,ISLAS CAYMAN,NEW YORK STOCK EXCHANGE
ATI,ATI INC.,US01741R1023,13/03/2023,ESTADOS UNIDOS,NEW YORK STOCK EXCHANGE
ATKR,ATKORE INC.,US0476491081,06/03/2019,ESTADOS UNIDOS,NEW YORK STOCK EXCHANGE
ATO,ATMOS ENERGY CORPORATION,US0495601058,02/08/2023,ESTADOS UNIDOS,NEW YORK STOCK EXCHANGE
AU,ANGLOGOLD ASHANTI PLC,GB00BRXH2664,03/06/2024,REINO UNIDO,NEW YORK STOCK EXCHANGE
AUNA,AUNA S.A.,LU2791994721,20/01/2025,LUXEMBURGO,NEW YORK STOCK EXCHANGE
AVB,"AVALONBAY COMMUNITIES, INC.",US0534841012,03/11/2020,ESTADOS UNIDOS,NEW YORK STOCK EXCHANGE
AVTR,"AVANTOR, INC.",US05352A1007,04/04/2025,ESTADOS UNIDOS,NEW YORK STOCK EXCHANGE
AVY,AVERY DENNISON CORPORATION,US0536111091,13/03/2023,ESTADOS UNIDOS,NEW YORK STOCK EXCHANGE
AWK,"American Water Works Company, Inc.",US0304201033,14/02/2019,ESTADOS UNIDOS,NEW YORK STOCK EXCHANGE
AWR,American States Water Company,US0298991011,14/02/2019,ESTADOS UNIDOS,NEW YORK STOCK EXCHANGE
AXP,AMERICAN EXPRESS COMPANY,US0258161092,29/05/2003,ESTADOS UNIDOS,NEW YORK STOCK EXCHANGE
AXTA,AXALTA COATING SYSTEMS LTD.,BMG0750C1082,27/01/2025,BERMUDA,NEW YORK STOCK EXCHANGE
AZO,"AUTOZONE, INC.",US0533321024,16/05/2019,ESTADOS UNIDOS,NEW YORK STOCK EXCHANGE
B,BARRICK MINING CORPORATION,CA06849F1080,09/06/2011,CANADA,NEW YORK STOCK EXCHANGE
BA,THE BOEING COMPANY,US0970231058,29/05/2003,ESTADOS UNIDOS,NEW YORK STOCK EXCHANGE
BABA,ALIBABA GROUP HOLDING LIMITED,US01609W1027,30/12/2014,CHINA,NEW YORK STOCK EXCHANGE
BAC,BANK OF AMERICA CORPORATION,US0605051046,11/11/2004,ESTADOS UNIDOS,NEW YORK STOCK EXCHANGE
BAH,Booz Allen Hamilton Holding Corp.,US0995021062,05/12/2019,ESTADOS UNIDOS,NEW YORK STOCK EXCHANGE
BAK,BRASKEM S.A.,US1055321053,21/03/2012,BRASIL,NEW YORK STOCK EXCHANGE
BALL,BALL CORPORATION,US0584981064,06/11/2020,ESTADOS UNIDOS,NEW YORK STOCK EXCHANGE
BAP,"CREDICORP, LTD.",BMG2519Y1084,31/03/2011,PERU,NEW YORK STOCK EXCHANGE
BAX,BAXTER INTERNATIONAL INC,US0718131099,09/06/2011,ESTADOS UNIDOS,NEW YORK STOCK EXCHANGE
BB,BLACKBERRY LIMITED,CA09228F1036,07/05/2008,CANADA,NEW YORK STOCK EXCHANGE
BBAI,"BIGBEAR.AI HOLDINGS, INC.",US08975B1098,31/07/2025,ESTADOS UNIDOS,NEW YORK STOCK EXCHANGE
BBAR,BANCO BBVA ARGENTINA S.A.,US0589341009,24/02/2023,ARGENTINA,NEW YORK STOCK EXCHANGE
BBBY,"BED BATH AND BEYOND, INC.",US6903701018,01/09/2021,ESTADOS UNIDOS,NEW YORK STOCK EXCHANGE
BBD,"BANCO BRADESCO, S.A.",US0594603039,08/11/2007,BRASIL,NEW YORK STOCK EXCHANGE
BBWI,"BATH & BODY WORKS, INC.",US0708301041,10/03/2015,ESTADOS UNIDOS,NEW YORK STOCK EXCHANGE
BBY,"BEST BUY CO., INC.",US0865161014,13/12/2004,ESTADOS UNIDOS,NEW YORK STOCK EXCHANGE
BCS,BARCLAYS PLC,US06738E2046,26/11/2003,REINO UNIDO,NEW YORK STOCK EXCHANGE
BDX,"BECTON, DICKINSON AND COMPANY",US0758871091,04/05/2018,ESTADOS UNIDOS,NEW YORK STOCK EXCHANGE
BE,BLOOM ENERGY CORPORATION,US0937121079,14/02/2023,ESTADOS UNIDOS,NEW YORK STOCK EXCHANGE
BEKE,KE HOLDINGS INC.,US4824971042,23/11/2020,ISLAS CAYMAN,NEW YORK STOCK EXCHANGE
BEN,"FRANKLIN RESOURCES, INC.",US3546131018,18/10/2017,ESTADOS UNIDOS,NEW YORK STOCK EXCHANGE
BFA,BROWN-FORMAN CORPORATION,US1156371007,04/04/2025,ESTADOS UNIDOS,NEW YORK STOCK EXCHANGE
BFAM,BRIGHT HORIZONS FAMILY SOLUTIONS INC.,US1091941005,18/11/2020,ESTADOS UNIDOS,NEW YORK STOCK EXCHANGE
BFB,BROWN-FORMAN CORPORATION,US1156372096,04/04/2025,ESTADOS UNIDOS,NEW YORK STOCK EXCHANGE
BG,BUNGE GLOBAL SA,CH1300646267,06/03/2013,SUIZA,NEW YORK STOCK EXCHANGE
BHC,BAUSCH HEALTH COMPANIES INC.,CA0717341071,26/09/2014,CANADA,NEW YORK STOCK EXCHANGE
BHP,BHP GROUP LIMITED,US0886061086,11/11/2004,AUSTRALIA,NEW YORK STOCK EXCHANGE
BILL1,"BILL HOLDINGS, INC.",US0900431000,05/06/2023,ESTADOS UNIDOS,NEW YORK STOCK EXCHANGE
BIRK,BIRKENSTOCK HOLDING PLC,JE00BS44BN30,12/01/2024,JERSEY,NEW YORK STOCK EXCHANGE
BJ,"BJS WHOLESALE CLUB HOLDINGS, INC.",US05550J1016,15/05/2025,ESTADOS UNIDOS,NEW YORK STOCK EXCHANGE
BLD,TOPBUILD CORP.,US89055F1030,01/07/2015,ESTADOS UNIDOS,NEW YORK STOCK EXCHANGE
BLDR,"BUILDERS FIRSTSOURCE, INC.",US12008R1077,22/01/2021,ESTADOS UNIDOS,NEW YORK STOCK EXCHANGE
BLK,"BLACKROCK, INC.",US09290D1019,11/10/2011,ESTADOS UNIDOS,NEW YORK STOCK EXCHANGE
BLX1,"BLADEX, INC.",PAP169941328,07/03/2024,PANAMÁ,NEW YORK STOCK EXCHANGE
BMA,BANCO MACRO S.A.,US05961W1053,17/03/2017,ARGENTINA,NEW YORK STOCK EXCHANGE
BMNR,"BITMINE IMMERSION TECHNOLOGIES, INC.",US09175A2069,08/09/2025,ESTADOS UNIDOS,NEW YORK STOCK EXCHANGE
BMY,BRISTOL-MYERS SQUIBB CO.,US1101221083,11/11/2004,ESTADOS UNIDOS,NEW YORK STOCK EXCHANGE
BNS,BANK OF NOVA SCOTIA,CA0641491075,03/03/2006,CANADA,NEW YORK STOCK EXCHANGE
BNY,THE BANK OF NEW YORK MELLON CORPORATION,US0640581007,25/08/2017,ESTADOS UNIDOS,NEW YORK STOCK EXCHANGE
BR,"BROADRIDGE FINANCIAL SOLUTIONS, INC.",US11133T1034,04/04/2025,ESTADOS UNIDOS,NEW YORK STOCK EXCHANGE
BRBR,"BELLRING BRANDS, INC.",US07831C1036,03/06/2024,ESTADOS UNIDOS,NEW YORK STOCK EXCHANGE
BRFS,BRF SA,US10552T1079,08/11/2007,BRASIL,NEW YORK STOCK EXCHANGE
BRKA,BERKSHIRE HATHAWAY INC.,US0846701086,19/03/2024,ESTADOS UNIDOS,NEW YORK STOCK EXCHANGE
BRKB,BERKSHIRE HATHAWAY INC,US0846707026,20/12/2007,ESTADOS UNIDOS,NEW YORK STOCK EXCHANGE
BRO,"BROWN & BROWN, INC.",US1152361010,09/03/2023,ESTADOS UNIDOS,NEW YORK STOCK EXCHANGE
BRX1,BRIXMOR PROPERTY GROUP INC.,US11120U1051,16/12/2022,ESTADOS UNIDOS,NEW YORK STOCK EXCHANGE
BSBR,BANCO SANTANDER (BRASIL) S.A.,US05967A1079,06/11/2009,BRASIL,NEW YORK STOCK EXCHANGE
BSX,BOSTON SCIENTIFIC CORPORATION,US1011371077,09/04/2010,ESTADOS UNIDOS,NEW YORK STOCK EXCHANGE
BTG,B2GOLD CORP.,CA11777Q2099,19/03/2021,CANADA,NEW YORK STOCK EXCHANGE
BUR,BURFORD CAPITAL LIMITED,GG00BMGYLN96,14/06/2024,GUERNSEY,NEW YORK STOCK EXCHANGE
BURL,"BURLINGTON STORES, INC.",US1220171060,08/04/2015,ESTADOS UNIDOS,NEW YORK STOCK EXCHANGE
BVN,COMPAÑÍA DE MINAS BUENAVENTURA S.A.A.,US2044481040,31/03/2011,PERU,NEW YORK STOCK EXCHANGE
BWA,BORGWARNER INC.,US0997241064,05/10/2020,ESTADOS UNIDOS,NEW YORK STOCK EXCHANGE
BWXT,"BWX TECHNOLOGIES, INC.",US05605H1005,14/03/2023,ESTADOS UNIDOS,NEW YORK STOCK EXCHANGE
BX,BLACKSTONE INC.,US09260D1072,28/09/2018,ESTADOS UNIDOS,NEW YORK STOCK EXCHANGE
BXMT,Blackstone Mortgage Trust Inc.,US09257W1009,06/05/2020,ESTADOS UNIDOS,NEW YORK STOCK EXCHANGE
BXP,BXP INC.,US1011211018,31/07/2020,ESTADOS UNIDOS,NEW YORK STOCK EXCHANGE
BY,"BYLINE BANCORP, INC.",US1244111092,13/12/2017,ESTADOS UNIDOS,NEW YORK STOCK EXCHANGE
C,CITIGROUP INC.,US1729674242,11/07/2019,ESTADOS UNIDOS,NEW YORK STOCK EXCHANGE
CAAP,CORPORACIÓN AMÉRICA AIRPORTS S.A.,LU1756447840,31/07/2018,LUXEMBURGO,NEW YORK STOCK EXCHANGE
CACI,CACI INTERNATIONAL INC,US1271903049,14/04/2020,ESTADOS UNIDOS,NEW YORK STOCK EXCHANGE
CAG,CONAGRA BRANDS INC,US2058871029,04/04/2025,ESTADOS UNIDOS,NEW YORK STOCK EXCHANGE
CAH,"CARDINAL HEALTH, INC.",US14149Y1082,27/09/2017,ESTADOS UNIDOS,NEW YORK STOCK EXCHANGE
CARR,CARRIER GLOBAL CORPORATION,US14448C1045,07/04/2020,ESTADOS UNIDOS,NEW YORK STOCK EXCHANGE
CAT,CATERPILLAR INC.,US1491231015,29/05/2003,ESTADOS UNIDOS,NEW YORK STOCK EXCHANGE
CAVA,"CAVA GROUP, INC.",US1489291021,20/08/2025,ESTADOS UNIDOS,NEW YORK STOCK EXCHANGE
CB,CHUBB LIMITED,CH0044328745,30/12/2019,SUIZA,NEW YORK STOCK EXCHANGE
CBD,COMPANHIA BRASILEIRA DE DISTRIBUICAO GRUPO PAO DE ACUCAR,US20440T3005,16/04/2008,BRASIL,NEW YORK STOCK EXCHANGE
CBRE,"CBRE GROUP, INC.",US12504L1098,03/11/2020,ESTADOS UNIDOS,NEW YORK STOCK EXCHANGE
CC,THE CHEMOURS COMPANY,US1638511089,01/07/2015,ESTADOS UNIDOS,NEW YORK STOCK EXCHANGE
CCI1,CROWN CASTLE INC.,US22822V1017,25/03/2020,ESTADOS UNIDOS,NEW YORK STOCK EXCHANGE
CCJ,CAMECO CORPORATION,CA13321L1085,22/01/2025,CANADA,NEW YORK STOCK EXCHANGE
CCK,"CROWN HOLDINGS, INC.",US2283681060,31/05/2019,ESTADOS UNIDOS,NEW YORK STOCK EXCHANGE
CCL1,CARNIVAL CORPORATION LTD.,BMG2004J1036,12/04/2019,BERMUDA,NEW YORK STOCK EXCHANGE
CDE,"COEUR MINING, INC.",US1921085049,20/01/2020,ESTADOS UNIDOS,NEW YORK STOCK EXCHANGE
CDP,COPT DEFENSE PROPERTIES,US22002T1088,21/06/2024,ESTADOS UNIDOS,NEW YORK STOCK EXCHANGE
CE,CELANESE CORPORATION,US1508701034,03/02/2023,ESTADOS UNIDOS,NEW YORK STOCK EXCHANGE
CF,"CF INDUSTRIES HOLDINGS, INC.",US1252691001,24/03/2022,ESTADOS UNIDOS,NEW YORK STOCK EXCHANGE
CFG,"CITIZENS FINANCIAL GROUP, INC. ",US1746101054,12/03/2020,ESTADOS UNIDOS,NEW YORK STOCK EXCHANGE
CHD,"CHURCH & DWIGHT CO., INC.",US1713401024,02/01/2019,ESTADOS UNIDOS,NEW YORK STOCK EXCHANGE
CHE,CHEMED CORPORATION,US16359R1032,09/03/2023,ESTADOS UNIDOS,NEW YORK STOCK EXCHANGE
CHGG,"CHEGG, INC.",US1630921096,17/02/2021,ESTADOS UNIDOS,NEW YORK STOCK EXCHANGE
CHH,"CHOICE HOTELS INTERNATIONAL, INC.",US1699051066,15/05/2025,ESTADOS UNIDOS,NEW YORK STOCK EXCHANGE
CHPT,"CHARGEPOINT HOLDINGS, INC.",US15961R3030,17/05/2022,ESTADOS UNIDOS,NEW YORK STOCK EXCHANGE
CHU,CHINA UNICOM (HONG KONG) LIMITED,US16945R1041,17/06/2011,CHINA,NEW YORK STOCK EXCHANGE
CHWY,"CHEWY, INC.",US16679L1098,23/09/2020,ESTADOS UNIDOS,NEW YORK STOCK EXCHANGE
CI,THE CIGNA GROUP,US1255231003,31/10/2017,ESTADOS UNIDOS,NEW YORK STOCK EXCHANGE
CIB1,"GRUPO CIBEST, S.A.",US40090E1064,20/05/2025,COLOMBIA,NEW YORK STOCK EXCHANGE
CIEN,CIENA CORPORATION,US1717793095,29/11/2022,ESTADOS UNIDOS,NEW YORK STOCK EXCHANGE
CIG,COMPANHIA ENERGETICA DE MINAS GERAIS - CEMIG,US2044096012,30/04/2009,BRASIL,NEW YORK STOCK EXCHANGE
CL,COLGATE-PALMOLIVE CO.,US1941621039,09/02/2005,ESTADOS UNIDOS,NEW YORK STOCK EXCHANGE
CLF,CLEVELAND-CLIFFS INC,US1858991011,26/04/2011,ESTADOS UNIDOS,NEW YORK STOCK EXCHANGE
CLH1,"CLEAN HARBORS, INC.",US1844961078,22/01/2025,ESTADOS UNIDOS,NEW YORK STOCK EXCHANGE
CLS,CELESTICA INC.,CA15101Q2071,05/08/2026,CANADA,NEW YORK STOCK EXCHANGE
CLX,THE CLOROX COMPANY,US1890541097,23/03/2020,ESTADOS UNIDOS,NEW YORK STOCK EXCHANGE
CMC1,COMMERCIAL METALS COMPANY,US2017231034,10/03/2023,ESTADOS UNIDOS,NEW YORK STOCK EXCHANGE
CMG,"CHIPOTLE MEXICAN GRILL, INC.",US1696561059,30/07/2014,ESTADOS UNIDOS,NEW YORK STOCK EXCHANGE
CMI,CUMMINS INC.,US2310211063,31/05/2017,ESTADOS UNIDOS,NEW YORK STOCK EXCHANGE
CMS1,CMS ENERGY CORPORATION,US1258961002,04/09/2020,ESTADOS UNIDOS,NEW YORK STOCK EXCHANGE
CNC,CENTENE CORPORATION,US15135B1017,08/03/2019,ESTADOS UNIDOS,NEW YORK STOCK EXCHANGE
CNH,CNH INDUSTRIAL N.V.,NL0010545661,03/11/2025,HOLANDA,NEW YORK STOCK EXCHANGE
CNI,CANADIAN NATIONAL RAILWAY COMPANY,CA1363751027,21/04/2016,CANADA,NEW YORK STOCK EXCHANGE
CNK,"CINEMARK HOLDINGS, INC.",US17243V1026,17/06/2011,ESTADOS UNIDOS,NEW YORK STOCK EXCHANGE
CNM,"CORE & MAIN, INC.",US21874C1027,21/03/2024,ESTADOS UNIDOS,NEW YORK STOCK EXCHANGE
CNMD,Conmed Corp,US2074101013,20/02/2020,ESTADOS UNIDOS,NEW YORK STOCK EXCHANGE
CNP,"CENTERPOINT ENERGY, INC.",US15189T1079,04/04/2025,ESTADOS UNIDOS,NEW YORK STOCK EXCHANGE
COF,CAPITAL ONE FINANCIAL CORPORATION.,US14040H1059,17/12/2010,ESTADOS UNIDOS,NEW YORK STOCK EXCHANGE
COHR,COHERENT CORP.,US19247G1076,11/02/2026,ESTADOS UNIDOS,NEW YORK STOCK EXCHANGE
COLD,"AMERICOLD REALTY TRUST, INC.",US03064D1081,16/12/2022,ESTADOS UNIDOS,NEW YORK STOCK EXCHANGE
COP,CONOCOPHILLIPS,US20825C1045,22/02/2007,ESTADOS UNIDOS,NEW YORK STOCK EXCHANGE
COR,CENCORA INC,US03073E1055,23/02/2023,ESTADOS UNIDOS,NEW YORK STOCK EXCHANGE
COUR,"COURSERA, INC.",US22266M1045,01/07/2021,ESTADOS UNIDOS,NEW YORK STOCK EXCHANGE
CPA,COPA HOLDINGS SA,PAP310761054,06/07/2010,PANAMÁ,NEW YORK STOCK EXCHANGE
CPAY,"CORPAY, INC.",US2199481068,16/05/2019,ESTADOS UNIDOS,NEW YORK STOCK EXCHANGE
CPE,CALLON PETROLEUM COMPANY,US13123X5086,17/01/2020,ESTADOS UNIDOS,NEW YORK STOCK EXCHANGE
CPNG,"COUPANG, INC.",US22266T1097,03/11/2021,ESTADOS UNIDOS,NEW YORK STOCK EXCHANGE
CPRI,CAPRI HOLDINGS LIMITED,VGG1890L1076,15/08/2018,REINO UNIDO,NEW YORK STOCK EXCHANGE
CPT,CAMDEN PROPERTY TRUST,US1331311027,16/12/2022,ESTADOS UNIDOS,NEW YORK STOCK EXCHANGE
CR,CRANE COMPANY,US2244081046,06/09/2024,ESTADOS UNIDOS,NEW YORK STOCK EXCHANGE
CRBG,"COREBRIDGE FINANCIAL, INC.",US21871X1090,03/11/2025,ESTADOS UNIDOS,NEW YORK STOCK EXCHANGE
CRCL,"CIRCLE INTERNET GROUP, INC.",US1725731079,28/07/2025,ESTADOS UNIDOS,NEW YORK STOCK EXCHANGE
CRH1,CRH PUBLIC LIMITED COMPANY,IE0001827041,18/09/2023,IRLANDA,NEW YORK STOCK EXCHANGE
CRI,"CARTER´S, INC.",US1462291097,17/10/2018,ESTADOS UNIDOS,NEW YORK STOCK EXCHANGE
CRL,"CHARLES RIVER LABORATORIES INTERNATIONAL, INC.",US1598641074,11/11/2021,ESTADOS UNIDOS,NEW YORK STOCK EXCHANGE
CRM,"SALESFORCE, INC.",US79466L3024,16/06/2015,ESTADOS UNIDOS,NEW YORK STOCK EXCHANGE
CRS,CARPENTER TECHNOLOGY CORPORATION,US1442851036,16/05/2025,ESTADOS UNIDOS,NEW YORK STOCK EXCHANGE
CSL1,CARLISLE COMPANIES INCORPORATED,US1423391002,03/06/2024,ESTADOS UNIDOS,NEW YORK STOCK EXCHANGE
CTRA,COTERRA ENERGY INC,US1270971039,18/06/2013,ESTADOS UNIDOS,NEW YORK STOCK EXCHANGE
CTRE,"CARETRUST REIT, INC.",US14174T1079,15/05/2026,ESTADOS UNIDOS,NEW YORK STOCK EXCHANGE
CTVA,"CORTEVA, INC.",US22052L1044,05/06/2019,ESTADOS UNIDOS,NEW YORK STOCK EXCHANGE
CUBE,CUBESMART ,US2296631094,02/05/2022,ESTADOS UNIDOS,NEW YORK STOCK EXCHANGE
CUK,CARNIVAL PLC,US14365C1036,09/09/2019,REINO UNIDO,NEW YORK STOCK EXCHANGE
CUZ,COUSINS PROPERTIES INCORPORATED,US2227955026,02/05/2022,ESTADOS UNIDOS,NEW YORK STOCK EXCHANGE
CVNA,CARVANA CO.,US1468691027,22/12/2020,ESTADOS UNIDOS,NEW YORK STOCK EXCHANGE
CVS,CVS HEALTH CORPORATION,US1266501006,25/06/2008,ESTADOS UNIDOS,NEW YORK STOCK EXCHANGE
CVX,CHEVRON CORP.,US1667641005,11/11/2004,ESTADOS UNIDOS,NEW YORK STOCK EXCHANGE
CW,CURTISS-WRIGHT CORPORATION,US2315611010,16/05/2025,ESTADOS UNIDOS,NEW YORK STOCK EXCHANGE
CWEN,"CLEARWAY ENERGY, INC.",US18539C2044,14/02/2023,ESTADOS UNIDOS,NEW YORK STOCK EXCHANGE
CXM,"SPRINKLR, INC.",US85208T1079,24/09/2021,ESTADOS UNIDOS,NEW YORK STOCK EXCHANGE
D,"DOMINION ENERGY, INC.",US25746U1097,22/12/2020,ESTADOS UNIDOS,NEW YORK STOCK EXCHANGE
DAL,DELTA AIR LINES INC.,US2473617023,20/06/2007,ESTADOS UNIDOS,NEW YORK STOCK EXCHANGE
DAO,"YOUDAO, INC.",US98741T1043,09/02/2021,ISLAS CAYMAN,NEW YORK STOCK EXCHANGE
DAR,DARLING INGREDIENTS INC.,US2372661015,25/06/2021,ESTADOS UNIDOS,NEW YORK STOCK EXCHANGE
DASH,"DOORDASH, INC.",US25809K1051,16/03/2021,ESTADOS UNIDOS,NEW YORK STOCK EXCHANGE
DAVA,ENDAVA PLC,US29260V1052,05/06/2019,REINO UNIDO,NEW YORK STOCK EXCHANGE
DAY,"DAYFORCE, INC.",US15677J1088,29/12/2020,ESTADOS UNIDOS,NEW YORK STOCK EXCHANGE
DB,DEUTSCHE BANK AG,DE0005140008,25/11/2003,ALEMANIA,NEW YORK STOCK EXCHANGE
DD,"DUPONT DE NEMOURS, INC.",US26614N2018,19/09/2017,ESTADOS UNIDOS,NEW YORK STOCK EXCHANGE
DDD,3D SYSTEMS CORPORATION,US88554D2053,30/05/2013,ESTADOS UNIDOS,NEW YORK STOCK EXCHANGE
DE,DEERE & COMPANY,US2441991054,07/06/2018,ESTADOS UNIDOS,NEW YORK STOCK EXCHANGE
DECK,DECKERS OUTDOOR CORPORATION,US2435371073,04/04/2025,ESTADOS UNIDOS,NEW YORK STOCK EXCHANGE
DELLC,DELL TECHNOLOGIES INC.,US24703L2025,03/01/2019,ESTADOS UNIDOS,NEW YORK STOCK EXCHANGE
DEO,DIAGEO PLC,US25243Q2057,26/11/2003,REINO UNIDO,NEW YORK STOCK EXCHANGE
DFH,"DREAM FINDERS HOMES, INC.",US26154D1000,31/07/2024,ESTADOS UNIDOS,NEW YORK STOCK EXCHANGE
DGG,DOLLAR GENERAL CORPORATION,US2566771059,22/01/2019,ESTADOS UNIDOS,NEW YORK STOCK EXCHANGE
DGX,QUEST DIAGNOSTICS INCORPORATED,US74834L1008,03/09/2019,ESTADOS UNIDOS,NEW YORK STOCK EXCHANGE
DHI,"D.R. HORTON, INC.",US23331A1097,08/03/2019,ESTADOS UNIDOS,NEW YORK STOCK EXCHANGE
DHR,DANAHER CORPORATION,US2358511028,13/11/2013,ESTADOS UNIDOS,NEW YORK STOCK EXCHANGE
DHT,"DHT HOLDINGS, INC.",MHY2065G1219,16/12/2019,ISLAS MARSHALL,NEW YORK STOCK EXCHANGE
DINO,HF SINCLAIR CORPORATION,US4039491000,05/04/2023,ESTADOS UNIDOS,NEW YORK STOCK EXCHANGE
DIS,THE WALT DISNEY COMPANY,US2546871060,29/05/2003,ESTADOS UNIDOS,NEW YORK STOCK EXCHANGE
DKS,"DICK´S SPORTING GOODS, INC.",US2533931026,08/09/2025,ESTADOS UNIDOS,NEW YORK STOCK EXCHANGE
DLB,"DOLBY LABORATORIES, INC.",US25659T1079,06/02/2025,ESTADOS UNIDOS,NEW YORK STOCK EXCHANGE
DLR,"DIGITAL REALTY TRUST, INC.",US2538681030,29/04/2021,ESTADOS UNIDOS,NEW YORK STOCK EXCHANGE
DM,"DESKTOP METAL, INC.",US25058X3035,11/02/2021,ESTADOS UNIDOS,NEW YORK STOCK EXCHANGE
DNA,"GINKGO BIOWORKS HOLDINGS, INC.",US37611X2099,20/10/2022,ESTADOS UNIDOS,NEW YORK STOCK EXCHANGE
DNOW,DNOW INC.,US67011P1003,02/06/2014,ESTADOS UNIDOS,NEW YORK STOCK EXCHANGE
DOC,"HEALTHPEAK PROPERTIES, INC.",US42250P1030,04/11/2020,ESTADOS UNIDOS,NEW YORK STOCK EXCHANGE
DOCN,"DIGITALOCEAN HOLDINGS, INC.",US25402D1028,27/03/2026,ESTADOS UNIDOS,NEW YORK STOCK EXCHANGE
DOCS1,"DOXIMITY, INC.",US26622P1075,20/01/2026,ESTADOS UNIDOS,NEW YORK STOCK EXCHANGE
DOV,DOVER CORPORATION,US2600031080,04/04/2025,ESTADOS UNIDOS,NEW YORK STOCK EXCHANGE
DOW1,DOW INC.,US2605571031,04/04/2019,ESTADOS UNIDOS,NEW YORK STOCK EXCHANGE
DQ,DAQO NEW ENERGY CORP.,US23703Q2030,15/02/2021,ISLAS CAYMAN,NEW YORK STOCK EXCHANGE
DRD,DRDGOLD LTD,US26152H3012,22/10/2007,SUDÁFRICA,NEW YORK STOCK EXCHANGE
DRI,"DARDEN RESTAURANTS, INC.",US2371941053,04/04/2025,ESTADOS UNIDOS,NEW YORK STOCK EXCHANGE
DT,"DYNATRACE, INC.",US2681501092,21/03/2024,ESTADOS UNIDOS,NEW YORK STOCK EXCHANGE
DTE1,DTE ENERGY COMPANY,US2333311072,24/07/2023,ESTADOS UNIDOS,NEW YORK STOCK EXCHANGE
DUK,DUKE ENERGY CORPORATION,US26441C2044,26/09/2019,ESTADOS UNIDOS,NEW YORK STOCK EXCHANGE
DVA,DAVITA INC.,US23918K1088,06/08/2019,ESTADOS UNIDOS,NEW YORK STOCK EXCHANGE
DVN,DEVON ENERGY CORPORATION,US25179M1036,28/11/2014,ESTADOS UNIDOS,NEW YORK STOCK EXCHANGE
DXC,DXC TECHNOLOGY COMPANY,US23355L1061,21/08/2017,ESTADOS UNIDOS,NEW YORK STOCK EXCHANGE
DY,"DYCOM INDUSTRIES, INC.",US2674751019,30/04/2026,ESTADOS UNIDOS,NEW YORK STOCK EXCHANGE
E,ENI-ENTE NAZIONALE IDROCARBURI SPA,US26874R1086,26/11/2003,ITALIA,NEW YORK STOCK EXCHANGE
EAF,GRAFTECH INTERNATIONAL LTD.,US3843136074,02/07/2021,ESTADOS UNIDOS,NEW YORK STOCK EXCHANGE
EC,ECOPETROL S.A.,US2791581091,18/11/2011,COLOMBIA,NEW YORK STOCK EXCHANGE
ECL,ECOLAB INC.,US2788651006,11/04/2014,ESTADOS UNIDOS,NEW YORK STOCK EXCHANGE
ED,"CONSOLIDATED EDISON, INC.",US2091151041,04/04/2025,ESTADOS UNIDOS,NEW YORK STOCK EXCHANGE
EDU,NEW ORIENTAL EDUCATION & TECHONOLOGY GROUP INC.,US6475812060,17/06/2011,CHINA,NEW YORK STOCK EXCHANGE
EFX,EQUIFAX INC.,US2944291051,16/03/2021,ESTADOS UNIDOS,NEW YORK STOCK EXCHANGE
EG,"EVEREST GROUP, LTD",BMG3223R1088,26/02/2021,BERMUDA,NEW YORK STOCK EXCHANGE
EGO,ELDORADO GOLD CORPORATION,CA2849025093,19/03/2021,CANADA,NEW YORK STOCK EXCHANGE
EGP,"EASTGROUP PROPERTIES, INC.",US2772761019,16/12/2022,ESTADOS UNIDOS,NEW YORK STOCK EXCHANGE
EHC,ENCOMPASS HEALTH CORPORATION,US29261A1007,06/03/2019,ESTADOS UNIDOS,NEW YORK STOCK EXCHANGE
EIX1,EDISON INTERNATIONAL,US2810201077,08/08/2019,ESTADOS UNIDOS,NEW YORK STOCK EXCHANGE
EL,THE ESTÉE LAUDER COMPANIES INC.,US5184391044,30/07/2014,ESTADOS UNIDOS,NEW YORK STOCK EXCHANGE
ELAN,ELANCO ANIMAL HEALTH INCORPORATED,US28414H1032,20/03/2019,ESTADOS UNIDOS,NEW YORK STOCK EXCHANGE
ELPC,COMPANHIA PARANENSE DE ENERGIA - COPEL,US20441B7047,02/01/2024,BRASIL,NEW YORK STOCK EXCHANGE
ELS,"EQUITY LIFESTYLE PROPERTIES, INC.",US29472R1086,02/05/2022,ESTADOS UNIDOS,NEW YORK STOCK EXCHANGE
ELV,"ELEVANCE HEALTH, INC.",US0367521038,23/12/2009,ESTADOS UNIDOS,NEW YORK STOCK EXCHANGE
EMBJ,EMBRAER S.A.,US29082A1079,30/04/2009,BRASIL,NEW YORK STOCK EXCHANGE
EME,"EMCOR GROUP, INC.",US29084Q1004,04/04/2025,ESTADOS UNIDOS,NEW YORK STOCK EXCHANGE
EMN,EASTMAN CHEMICAL COMPANY,US2774321002,31/05/2019,ESTADOS UNIDOS,NEW YORK STOCK EXCHANGE
EMR,EMERSON ELECTRIC CO.,US2910111044,23/02/2010,ESTADOS UNIDOS,NEW YORK STOCK EXCHANGE
ENB,ENBRIDGE INC.,CA29250N1050,11/02/2025,CANADA,NEW YORK STOCK EXCHANGE
ENIC,ENEL CHILE S.A.,US29278D1054,20/11/2018,CHILE,NEW YORK STOCK EXCHANGE
EOG,"EOG RESOURCES, INC.",US26875P1012,03/11/2016,ESTADOS UNIDOS,NEW YORK STOCK EXCHANGE
EPAM,"EPAM SYSTEMS, INC.",US29414B1044,14/06/2019,ESTADOS UNIDOS,NEW YORK STOCK EXCHANGE
EQH,"EQUITABLE HOLDINGS, INC.",US29452E1010,03/11/2025,ESTADOS UNIDOS,NEW YORK STOCK EXCHANGE
EQNR,EQUINOR ASA,US29446M1027,02/04/2013,NORUEGA,NEW YORK STOCK EXCHANGE
EQR,EQUITY RESIDENTIAL,US29476L1070,26/09/2019,ESTADOS UNIDOS,NEW YORK STOCK EXCHANGE
EQT,EQT CORPORATION,US26884L1098,30/03/2022,ESTADOS UNIDOS,NEW YORK STOCK EXCHANGE
ES,EVERSOURCE ENERGY,US30040W1080,02/12/2020,ESTADOS UNIDOS,NEW YORK STOCK EXCHANGE
ESAB,ESAB CORPORATION,US29605J1060,09/12/2024,ESTADOS UNIDOS,NEW YORK STOCK EXCHANGE
ESS,"ESSEX PROPERTY TRUST, INC.",US2971781057,02/05/2022,ESTADOS UNIDOS,NEW YORK STOCK EXCHANGE
ESTC,Elastic NV,NL0013056914,05/12/2019,HOLANDA,NEW YORK STOCK EXCHANGE
ETN1,EATON CORPORATION PLC,IE00B8KQN827,31/05/2019,IRLANDA,NEW YORK STOCK EXCHANGE
ETR,ENTERGY CORPORATION,US29364G1031,02/08/2023,ESTADOS UNIDOS,NEW YORK STOCK EXCHANGE
ETSY,"ETSY, INC.",US29786A1060,28/04/2020,ESTADOS UNIDOS,NEW YORK STOCK EXCHANGE
EVR,EVERCORE INC.,US29977A1051,11/12/2009,ESTADOS UNIDOS,NEW YORK STOCK EXCHANGE
EVTC,"EVERTEC, INC.",PR30040P1032,30/04/2019,PUERTO RICO,NEW YORK STOCK EXCHANGE
EW,EDWARDS LIFESCIENCES CORPORATION,US28176E1082,18/10/2017,ESTADOS UNIDOS,NEW YORK STOCK EXCHANGE
EXC,EXELON CORP.,US30161N1019,11/11/2004,ESTADOS UNIDOS,NEW YORK STOCK EXCHANGE
EXP,EAGLE MATERIALS INC.,US26969P1084,10/03/2023,ESTADOS UNIDOS,NEW YORK STOCK EXCHANGE
EXPD,"EXPEDITORS INTERNATIONAL OF WASHINGTON, INC.",US3021301094,,ESTADOS UNIDOS,NEW YORK STOCK EXCHANGE
EXR,EXTRA SPACE STORAGE INC.,US30225T1025,09/01/2020,ESTADOS UNIDOS,NEW YORK STOCK EXCHANGE
EXTO,ALMACENES ÉXITO S.A.,US02028M1053,30/08/2023,COLOMBIA,NEW YORK STOCK EXCHANGE
F,FORD MOTOR CO.,US3453708600,11/11/2004,ESTADOS UNIDOS,NEW YORK STOCK EXCHANGE
FBIN,"FORTUNE BRANDS INNOVATIONS, INC.",US34964C1062,09/07/2024,ESTADOS UNIDOS,NEW YORK STOCK EXCHANGE
FCX,FREEPORT MCMORAN INC,US35671D8570,19/12/2006,ESTADOS UNIDOS,NEW YORK STOCK EXCHANGE
FDS,FACTSET RESEARCH SYSTEMS INC.,US3030751057,,ESTADOS UNIDOS,NEW YORK STOCK EXCHANGE
FDX,FEDEX CORP.,US31428X1063,11/11/2004,ESTADOS UNIDOS,NEW YORK STOCK EXCHANGE
FDXF,"FEDEX FREIGHT HOLDING COMPANY, INC.",US3143521058,02/06/2026,ESTADOS UNIDOS,NEW YORK STOCK EXCHANGE
FE,FIRSTENERGY CORP.,US3379321074,22/01/2019,ESTADOS UNIDOS,NEW YORK STOCK EXCHANGE
FERG1,FERGUSON ENTERPRISES INC.,US31488V1070,04/04/2025,ESTADOS UNIDOS,NEW YORK STOCK EXCHANGE
FG,"F&G ANNUITIES & LIFE, INC.",US30190A1043,13/11/2025,ESTADOS UNIDOS,NEW YORK STOCK EXCHANGE
FICO1,FAIR ISAAC CORPORATION,US3032501047,19/03/2020,ESTADOS UNIDOS,NEW YORK STOCK EXCHANGE
FIG1,"FIGMA, INC.",US3168411052,07/11/2025,ESTADOS UNIDOS,NEW YORK STOCK EXCHANGE
FIRY,FIRY INC.,US83067L2088,21/01/2021,ESTADOS UNIDOS,NEW YORK STOCK EXCHANGE
FIS,"FIDELITY NATIONAL INFORMATION SERVICES, INC.",US31620M1062,08/11/2016,ESTADOS UNIDOS,NEW YORK STOCK EXCHANGE
FITB,FIFTH THIRD BANCORP,US3167731005,04/04/2025,ESTADOS UNIDOS,NEW YORK STOCK EXCHANGE
FIX,"COMFORT SYSTEMS USA, INC.",US1999081045,03/11/2025,ESTADOS UNIDOS,NEW YORK STOCK EXCHANGE
FL,"FOOT LOCKER, INC.",US3448491049,04/09/2020,ESTADOS UNIDOS,NEW YORK STOCK EXCHANGE
FLO,"FLOWERS FOODS, INC.",US3434981011,09/03/2023,ESTADOS UNIDOS,NEW YORK STOCK EXCHANGE
FLR,FLUOR CORPORATION,US3434121022,18/02/2014,ESTADOS UNIDOS,NEW YORK STOCK EXCHANGE
FLS,Flowserve Corporation,US34354P1057,15/02/2019,ESTADOS UNIDOS,NEW YORK STOCK EXCHANGE
FLTR1,FLUTTER ENTERTAINMENT PLC,IE00BWT6H894,21/09/2022,IRLANDA,NEW YORK STOCK EXCHANGE
FMC1,FMC CORPORATION,US3024913036,01/03/2022,ESTADOS UNIDOS,NEW YORK STOCK EXCHANGE
FN,FABRINET,KYG3323L1005,06/11/2025,ISLAS CAYMAN,NEW YORK STOCK EXCHANGE
FND,"FLOOR & DECOR HOLDINGS, INC.",US3397501012,14/04/2020,ESTADOS UNIDOS,NEW YORK STOCK EXCHANGE
FNF,"FIDELITY NATIONAL FINANCIAL, INC.",US31620R3030,04/07/2025,ESTADOS UNIDOS,NEW YORK STOCK EXCHANGE
FNV,FRANCO-NEVADA CORPORATION,CA3518581051,20/12/2017,CANADA,NEW YORK STOCK EXCHANGE
FOUR,"SHIFT4 PAYMENTS, INC.",US82452J1097,13/06/2023,ESTADOS UNIDOS,NEW YORK STOCK EXCHANGE
FR,"FIRST INDUSTRIAL REALTY TRUST, INC.",US32054K1034,13/05/2025,ESTADOS UNIDOS,NEW YORK STOCK EXCHANGE
FRO1,FRONTLINE PLC,CY0200352116,21/11/2019,CHIPRE,NEW YORK STOCK EXCHANGE
FRT1,FEDERAL REALTY INVESTMENT TRUST,US3137451015,16/12/2022,ESTADOS UNIDOS,NEW YORK STOCK EXCHANGE
FTI,TECHNIPFMC PLC,GB00BDSFG982,18/05/2026,REINO UNIDO,NEW YORK STOCK EXCHANGE
FTS,FORTIS INC.,CA3495531079,01/03/2023,CANADA,NEW YORK STOCK EXCHANGE
FTV,FORTIVE CORPORATION,US34959J1088,08/07/2016,ESTADOS UNIDOS,NEW YORK STOCK EXCHANGE
FUBO,FUBOTV INC.,US35953D4016,13/01/2021,ESTADOS UNIDOS,NEW YORK STOCK EXCHANGE
FVRR,FIVERR INTERNATIONAL LTD.,IL0011582033,24/09/2020,ISRAEL,NEW YORK STOCK EXCHANGE
GAP1,"THE GAP, INC.",US3647601083,13/12/2004,ESTADOS UNIDOS,NEW YORK STOCK EXCHANGE
GBX,"THE GREENBRIER COMPANIES, INC.",US3936571013,24/02/2016,ESTADOS UNIDOS,NEW YORK STOCK EXCHANGE
GD,GENERAL DYNAMICS CORPORATION,US3695501086,26/04/2011,ESTADOS UNIDOS,NEW YORK STOCK EXCHANGE
GDDY,GODADDY INC.,US3802371076,05/06/2019,ESTADOS UNIDOS,NEW YORK STOCK EXCHANGE
GE,GE AEROSPACE,US3696043013,29/05/2003,ESTADOS UNIDOS,NEW YORK STOCK EXCHANGE
GEO1,"THE GEO GROUP, INC.",US36162J1060,06/05/2020,ESTADOS UNIDOS,NEW YORK STOCK EXCHANGE
GEV,GE VERNOVA INC.,US36828A1016,03/04/2024,ESTADOS UNIDOS,NEW YORK STOCK EXCHANGE
GFI,GOLD FIELDS LIMITED,US38059T1060,22/10/2007,SUDÁFRICA,NEW YORK STOCK EXCHANGE
GGB,"GERDAU, S.A.",US3737371050,08/11/2007,BRASIL,NEW YORK STOCK EXCHANGE
GGG,GRACO INC.,US3841091040,03/11/2025,ESTADOS UNIDOS,NEW YORK STOCK EXCHANGE
GHC,GRAHAM HOLDINGS COMPANY,US3846371041,12/08/2025,ESTADOS UNIDOS,NEW YORK STOCK EXCHANGE
GIS,"GENERAL MILLS, INC.",US3703341046,17/07/2018,ESTADOS UNIDOS,NEW YORK STOCK EXCHANGE
GLOB,GLOBANT SA,LU0974299876,21/06/2019,LUXEMBURGO,NEW YORK STOCK EXCHANGE
GLW,CORNING INC.,US2193501051,22/02/2007,ESTADOS UNIDOS,NEW YORK STOCK EXCHANGE
GM,GENERAL MOTORS COMPANY,US37045V1008,02/12/2010,ESTADOS UNIDOS,NEW YORK STOCK EXCHANGE
GME,GAMESTOP CORPORATION,US36467W1099,04/12/2018,ESTADOS UNIDOS,NEW YORK STOCK EXCHANGE
GMED,"GLOBUS MEDICAL, INC.",US3795772082,04/05/2018,ESTADOS UNIDOS,NEW YORK STOCK EXCHANGE
GNRC,GENERAC HOLDINGS INC.,US3687361044,28/08/2020,ESTADOS UNIDOS,NEW YORK STOCK EXCHANGE
GNW,GENWORTH FINANCIAL INC,US37247D1063,23/12/2009,ESTADOS UNIDOS,NEW YORK STOCK EXCHANGE
GOLF1,ACUSHNET HOLDINGS CORP.,US0050981085,22/01/2025,ESTADOS UNIDOS,NEW YORK STOCK EXCHANGE
GPC,GENUINE PARTS COMPANY,US3724601055,04/11/2020,ESTADOS UNIDOS,NEW YORK STOCK EXCHANGE
GPN,GLOBAL PAYMENTS INC.,US37940X1028,20/12/2007,ESTADOS UNIDOS,NEW YORK STOCK EXCHANGE
GRMN,Garmin Ltd.,CH0114405324,26/05/2020,SUIZA,NEW YORK STOCK EXCHANGE
GS,GOLDMAN SACHS GROUP INC.,US38141G1040,11/11/2004,ESTADOS UNIDOS,NEW YORK STOCK EXCHANGE
GSK,GSK PLC,US37733W2044,26/11/2003,REINO UNIDO,NEW YORK STOCK EXCHANGE
GSX,GAOTU TECHEDU INC.,US36257Y1091,13/10/2020,ISLAS CAYMAN,NEW YORK STOCK EXCHANGE
GWRE,"GUIDEWIRE SOFTWARE, INC.",US40171V1008,21/06/2021,ESTADOS UNIDOS,NEW YORK STOCK EXCHANGE
GWW,"W.W. GRAINGER, INC.",US3848021040,06/11/2020,ESTADOS UNIDOS,NEW YORK STOCK EXCHANGE
GXO,"GXO LOGISTICS, INC.",US36262G1013,03/08/2021,ESTADOS UNIDOS,NEW YORK STOCK EXCHANGE
HAL,HALLIBURTON COMPANY,US4062161017,26/09/2014,ESTADOS UNIDOS,NEW YORK STOCK EXCHANGE
HASI1,"HA SUSTAINABLE INFRASTRUCTURE CAPITAL, INC.",US41068X1000,22/05/2025,ESTADOS UNIDOS,NEW YORK STOCK EXCHANGE
HBC,HSBC HOLDING PLC.,US4042804066,26/11/2003,REINO UNIDO,NEW YORK STOCK EXCHANGE
HCA,"HCA HEALTHCARE, INC.",US40412C1018,31/08/2017,ESTADOS UNIDOS,NEW YORK STOCK EXCHANGE
HCC,"Warrior Met Coal, Inc.",US93627C1018,05/05/2020,ESTADOS UNIDOS,NEW YORK STOCK EXCHANGE
HD,"THE HOME DEPOT, INC.",US4370761029,29/05/2003,ESTADOS UNIDOS,NEW YORK STOCK EXCHANGE
HDB,HDFC BANK LIMITED,US40415F1012,20/12/2017,INDIA,NEW YORK STOCK EXCHANGE
HEIA1,HEICO CORPORATION,US4228062083,11/11/2024,ESTADOS UNIDOS,NEW YORK STOCK EXCHANGE
HEICO,HEICO CORPORATION,US4228061093,11/11/2021,ESTADOS UNIDOS,NEW YORK STOCK EXCHANGE
HGV,HILTON GRAND VACATIONS INC.,US43283X1054,04/04/2023,ESTADOS UNIDOS,NEW YORK STOCK EXCHANGE
HHC,THE HOWARD HUGHES CORPORATION,US44267D1072,10/07/2017,ESTADOS UNIDOS,NEW YORK STOCK EXCHANGE
HHH,HOWARD HUGHES HOLDINGS INC,US44267T1025,15/08/2023,ESTADOS UNIDOS,NEW YORK STOCK EXCHANGE
HIG,"THE HARTFORD INSURANCE GROUP, INC.",US4165151048,22/02/2022,ESTADOS UNIDOS,NEW YORK STOCK EXCHANGE
HII,"HUNTINGTON INGALLS INDUSTRIES, INC.",US4464131063,29/09/2025,ESTADOS UNIDOS,NEW YORK STOCK EXCHANGE
HIMS,"HIMS & HERS HEALTH, INC.",US4330001060,22/08/2024,ESTADOS UNIDOS,NEW YORK STOCK EXCHANGE
HL,HECLA MINING COMPANY,US4227041062,03/04/2023,ESTADOS UNIDOS,NEW YORK STOCK EXCHANGE
HLN1,HALEON PLC,US4055521003,25/07/2022,REINO UNIDO,NEW YORK STOCK EXCHANGE
HLT,HILTON WORLDWIDE HOLDINGS INC.,US43300A2033,07/06/2017,ESTADOS UNIDOS,NEW YORK STOCK EXCHANGE
HMC,HONDA MOTOR CO. LTD.,US4381283088,11/11/2004,JAPÓN,NEW YORK STOCK EXCHANGE
HMY,HARMONY GOLD MINING COMPANY LIMITED,US4132163001,19/03/2021,SUDÁFRICA,NEW YORK STOCK EXCHANGE
HOG,"HARLEY-DAVIDSON, INC.",US4128221086,18/06/2019,ESTADOS UNIDOS,NEW YORK STOCK EXCHANGE
HPE,HEWLETT PACKARD ENTERPRISE COMPANY,US42824C1099,05/11/2015,ESTADOS UNIDOS,NEW YORK STOCK EXCHANGE
HPQ,HP INC.,US40434L1052,29/05/2003,ESTADOS UNIDOS,NEW YORK STOCK EXCHANGE
HR1,HEALTHCARE REALTY TRUST INCORPORATED,US42226K1051,13/05/2025,ESTADOS UNIDOS,NEW YORK STOCK EXCHANGE
HRB,"H&R BLOCK, INC.",US0936711052,11/02/2011,ESTADOS UNIDOS,NEW YORK STOCK EXCHANGE
HRI,HERC HOLDING INC,US42704L1044,13/11/2013,ESTADOS UNIDOS,NEW YORK STOCK EXCHANGE
HRL,HORMEL FOODS CORPORATION,US4404521001,05/04/2023,ESTADOS UNIDOS,NEW YORK STOCK EXCHANGE
HSY,THE HERSHEY COMPANY,US4278661081,30/05/2019,ESTADOS UNIDOS,NEW YORK STOCK EXCHANGE
HUBB,HUBBELL INCORPORATED,US4435106079,28/03/2019,ESTADOS UNIDOS,NEW YORK STOCK EXCHANGE
HUBS,HUBSPOT INC,US4435731009,21/06/2019,ESTADOS UNIDOS,NEW YORK STOCK EXCHANGE
HUM,HUMANA INC.,US4448591028,21/02/2018,ESTADOS UNIDOS,NEW YORK STOCK EXCHANGE
HWM,HOWMET AEROSPACE INC.,US4432011082,29/05/2003,ESTADOS UNIDOS,NEW YORK STOCK EXCHANGE
HXL,HEXCEL CORPORATION,US4282911084,27/11/2024,ESTADOS UNIDOS,NEW YORK STOCK EXCHANGE
IBM,INTERNATIONAL BUSINESS MACHINES CORPORATION,US4592001014,29/05/2003,ESTADOS UNIDOS,NEW YORK STOCK EXCHANGE
IBN,ICICI BANK LIMITED,US45104G1040,31/12/2018,INDIA,NEW YORK STOCK EXCHANGE
IBP,"INSTALLED BUILDING PRODUCTS, INC.",US45780R1014,27/07/2026,ESTADOS UNIDOS,NEW YORK STOCK EXCHANGE
ICE,"INTERCONTINENTAL EXCHANGE, INC.",US45866F1049,02/09/2016,ESTADOS UNIDOS,NEW YORK STOCK EXCHANGE
IDA,"IDACORP, INC.",US4511071064,13/03/2023,ESTADOS UNIDOS,NEW YORK STOCK EXCHANGE
IEX,IDEX CORPORATION,US45167R1041,07/02/2018,ESTADOS UNIDOS,NEW YORK STOCK EXCHANGE
IFF,INTERNATIONAL FLAVORS & FRAGRANCES INC.,US4595061015,28/08/2025,ESTADOS UNIDOS,NEW YORK STOCK EXCHANGE
IIF,"MORGAN STANLEY INDIA INVESTMENT FUND, INC.",US61745C1053,19/09/2007,ESTADOS UNIDOS,NEW YORK STOCK EXCHANGE
INFY,INFOSYS LIMITED,US4567881085,08/03/2019,INDIA,NEW YORK STOCK EXCHANGE
ING,ING GROUP,US4568371037,26/11/2003,HOLANDA,NEW YORK STOCK EXCHANGE
INGR,INGREDION INCORPORATED ,US4571871023,31/03/2020,ESTADOS UNIDOS,NEW YORK STOCK EXCHANGE
INSW,"INTERNATIONAL SEAWAYS, INC.",MHY410531021,30/12/2019,ISLAS MARSHALL,NEW YORK STOCK EXCHANGE
INVH,INVITATION HOMES INC.,US46187W1071,07/06/2017,ESTADOS UNIDOS,NEW YORK STOCK EXCHANGE
IONQ,"IONQ, INC.",US46222L1089,20/11/2024,ESTADOS UNIDOS,NEW YORK STOCK EXCHANGE
IOT,SAMSARA INC.,US79589L1061,06/09/2024,ESTADOS UNIDOS,NEW YORK STOCK EXCHANGE
IP,INTERNATIONAL PAPER COMPANY,US4601461035,29/05/2003,ESTADOS UNIDOS,NEW YORK STOCK EXCHANGE
IQV,IQVIA HOLDINGS INC.,US46266C1053,06/03/2018,ESTADOS UNIDOS,NEW YORK STOCK EXCHANGE
IR,INGERSOLL RAND INC.,US45687V1061,02/03/2022,ESTADOS UNIDOS,NEW YORK STOCK EXCHANGE
IRM1,IRON MOUNTAIN INCORPORATED,US46284V1017,06/04/2020,ESTADOS UNIDOS,NEW YORK STOCK EXCHANGE
IRS,IRSA INVERSIONES Y REPRESENTACIONES SOCIEDAD ANÓNIMA,US4500473032,24/02/2023,ARGENTINA,NEW YORK STOCK EXCHANGE
IT,"GARTNER, INC.",US3666511072,26/11/2024,ESTADOS UNIDOS,NEW YORK STOCK EXCHANGE
ITT,ITT INC.,US45073V1089,09/12/2024,ESTADOS UNIDOS,NEW YORK STOCK EXCHANGE
ITUB,ITAU UNIBANCO BANCO HOLDING S.A.,US4655621062,08/11/2007,BRASIL,NEW YORK STOCK EXCHANGE
ITW,ILLINOIS TOOL WORKS INC.,US4523081093,12/09/2017,ESTADOS UNIDOS,NEW YORK STOCK EXCHANGE
IVZ,INVESCO LTD.,BMG491BT1088,14/03/2023,BERMUDA,NEW YORK STOCK EXCHANGE
J,JACOBS SOLUTIONS INC.,US46982L1089,24/06/2022,ESTADOS UNIDOS,NEW YORK STOCK EXCHANGE
JBL,JABIL INC.,US4663131039,29/11/2022,ESTADOS UNIDOS,NEW YORK STOCK EXCHANGE
JBS,JBS N.V.,NL0015002J37,16/06/2025,HOLANDA,NEW YORK STOCK EXCHANGE
JBTM,JBT MAREL CORPORATION,US4778391049,09/12/2024,ESTADOS UNIDOS,NEW YORK STOCK EXCHANGE
JCI1,JOHNSON CONTROLS INTERNATIONAL PLC,IE00BY7QL619,27/09/2016,IRLANDA,NEW YORK STOCK EXCHANGE
JEF,JEFFERIES FINANCIAL GROUP INC.,US47233W1099,29/07/2015,ESTADOS UNIDOS,NEW YORK STOCK EXCHANGE
JKS,JINKOSOLAR HOLDING COMPANY LIMITED,US47759T1007,17/06/2011,CHINA,NEW YORK STOCK EXCHANGE
JLL,JONES LANG LASALLE INCORPORATED,US48020Q1076,14/03/2023,ESTADOS UNIDOS,NEW YORK STOCK EXCHANGE
JMIA,JUMIA TECHNOLOGIES AG,US48138M1053,27/11/2020,ALEMANIA,NEW YORK STOCK EXCHANGE
JNJ,JOHNSON & JOHNSON,US4781601046,29/05/2003,ESTADOS UNIDOS,NEW YORK STOCK EXCHANGE
JPM,JP MORGAN CHASE & CO.,US46625H1005,29/05/2003,ESTADOS UNIDOS,NEW YORK STOCK EXCHANGE
JXN,JACKSON FINANCIAL INC.,US46817M1071,21/09/2021,ESTADOS UNIDOS,NEW YORK STOCK EXCHANGE
KB,KB FINANCIAL GROUP INC.,US48241A1051,05/05/2014,COREA (SUR),NEW YORK STOCK EXCHANGE
KBH,KB HOME,US48666K1097,27/11/2007,ESTADOS UNIDOS,NEW YORK STOCK EXCHANGE
KBR,"KBR, INC.",US48242W1062,23/06/2015,ESTADOS UNIDOS,NEW YORK STOCK EXCHANGE
KD,"KYNDRYL HOLDINGS, INC.",US50155Q1004,05/11/2021,ESTADOS UNIDOS,NEW YORK STOCK EXCHANGE
KEX,KIRBY CORPORATION,US4972661064,22/01/2025,ESTADOS UNIDOS,NEW YORK STOCK EXCHANGE
KEY1,KEYCORP,US4932671088,31/05/2019,ESTADOS UNIDOS,NEW YORK STOCK EXCHANGE
KEYS,"KEYSIGHT TECHNOLOGIES, INC.",US49338L1035,16/05/2019,ESTADOS UNIDOS,NEW YORK STOCK EXCHANGE
KFY,KORN FERRY,US5006432000,17/03/2022,ESTADOS UNIDOS,NEW YORK STOCK EXCHANGE
KGC,KINROSS GOLD CORPORATION,CA4969024047,19/03/2021,CANADA,NEW YORK STOCK EXCHANGE
KIM,KIMCO REALTY CORPORATION,US49446R1095,04/09/2008,ESTADOS UNIDOS,NEW YORK STOCK EXCHANGE
KKRC,KKR & CO. INC.,US48251W1045,21/08/2017,ESTADOS UNIDOS,NEW YORK STOCK EXCHANGE
KLAR,KLARNA GROUP PLC,GB00BMHVL512,26/03/2026,REINO UNIDO,NEW YORK STOCK EXCHANGE
KMB,KIMBERLY-CLARK CORPORATION,US4943681035,13/03/2020,ESTADOS UNIDOS,NEW YORK STOCK EXCHANGE
KMI,"KINDER MORGAN, INC.",US49456B1017,26/09/2019,ESTADOS UNIDOS,NEW YORK STOCK EXCHANGE
KMT,KENNAMETAL INC.,US4891701009,30/04/2019,ESTADOS UNIDOS,NEW YORK STOCK EXCHANGE
KMX,"CARMAX, INC. ",US1431301027,21/05/2014,ESTADOS UNIDOS,NEW YORK STOCK EXCHANGE
KNF,KNIFE RIVER CORPORATION,US4988941047,09/02/2024,ESTADOS UNIDOS,NEW YORK STOCK EXCHANGE
KNSL,"KINSALE CAPITAL GROUP, INC.",US49714P1084,26/11/2024,ESTADOS UNIDOS,NEW YORK STOCK EXCHANGE
KO,THE COCA-COLA COMPANY,US1912161007,29/05/2003,ESTADOS UNIDOS,NEW YORK STOCK EXCHANGE
KOS,KOSMOS ENERGY LTD.,US5006881065,14/04/2023,ESTADOS UNIDOS,NEW YORK STOCK EXCHANGE
KR,THE KROGER CO.,US5010441013,03/08/2017,ESTADOS UNIDOS,NEW YORK STOCK EXCHANGE
KRC,KILROY REALTY CORPORATION,US49427F1084,02/05/2022,ESTADOS UNIDOS,NEW YORK STOCK EXCHANGE
KRMN,KARMAN HOLDINGS INC.,US4859241048,14/04/2026,ESTADOS UNIDOS,NEW YORK STOCK EXCHANGE
KSS,KOHL´S CORPORATION,US5002551043,26/04/2011,ESTADOS UNIDOS,NEW YORK STOCK EXCHANGE
KVUE,KENVUE INC.,US49177J1025,29/08/2023,ESTADOS UNIDOS,NEW YORK STOCK EXCHANGE
KVYO,"KLAVIYO, INC.",US49845K1016,25/08/2025,ESTADOS UNIDOS,NEW YORK STOCK EXCHANGE
L,LOEWS CORPORATION,US5404241086,26/02/2021,ESTADOS UNIDOS,NEW YORK STOCK EXCHANGE
LDOS,"LEIDOS HOLDINGS, INC.",US5253271028,19/06/2019,ESTADOS UNIDOS,NEW YORK STOCK EXCHANGE
LEA,LEAR CORPORATION,US5218652049,04/08/2015,ESTADOS UNIDOS,NEW YORK STOCK EXCHANGE
LEG1,"LEGGETT & PLATT, INCORPORATED",US5246601075,10/03/2023,ESTADOS UNIDOS,NEW YORK STOCK EXCHANGE
LEN,LENNAR CORPORATION,US5260571048,27/11/2007,ESTADOS UNIDOS,NEW YORK STOCK EXCHANGE
LENB,LENNAR CORPORATION,US5260573028,22/11/2017,ESTADOS UNIDOS,NEW YORK STOCK EXCHANGE
LEVI,LEVI STRAUSS & CO.,US52736R1023,28/08/2019,ESTADOS UNIDOS,NEW YORK STOCK EXCHANGE
LH,LABCORP HOLDINGS INC.,US5049221055,30/11/2016,ESTADOS UNIDOS,NEW YORK STOCK EXCHANGE
LHX,"L3HARRIS TECHNOLOGIES, INC.",US5024311095,04/01/2022,ESTADOS UNIDOS,NEW YORK STOCK EXCHANGE
LICY,LI-CYCLE HOLDINGS CORP.,CA50202P2044,26/01/2022,CANADA,NEW YORK STOCK EXCHANGE
LII,LENNOX INTERNATIONAL INC.,US5261071071,11/07/2018,ESTADOS UNIDOS,NEW YORK STOCK EXCHANGE
LITB,"LIGHTINTHEBOX HOLDING CO., LTD.",US53225G2012,09/09/2020,ISLAS CAYMAN,NEW YORK STOCK EXCHANGE
LLY,ELI LILLY & CO.,US5324571083,11/11/2004,ESTADOS UNIDOS,NEW YORK STOCK EXCHANGE
LMND,"LEMONADE, INC.",US52567D1072,09/10/2020,ESTADOS UNIDOS,NEW YORK STOCK EXCHANGE
LMT,LOCKHEED MARTIN CORPORATION,US5398301094,06/11/2013,ESTADOS UNIDOS,NEW YORK STOCK EXCHANGE
LNG,"CHENIERE ENERGY, INC.",US16411R2085,22/01/2018,ESTADOS UNIDOS,NEW YORK STOCK EXCHANGE
LOAR,LOAR HOLDINGS INC.,US53947R1059,29/09/2025,ESTADOS UNIDOS,NEW YORK STOCK EXCHANGE
LOW,"LOWE´S COMPANIES, INC.",US5486611073,07/03/2017,ESTADOS UNIDOS,NEW YORK STOCK EXCHANGE
LPX,LOUISIANA-PACIFIC CORPORATION,US5463471053,16/05/2025,ESTADOS UNIDOS,NEW YORK STOCK EXCHANGE
LRN,"STRIDE, INC.",US86333M1080,12/01/2023,ESTADOS UNIDOS,NEW YORK STOCK EXCHANGE
LUMN,"LUMEN TECHNOLOGIES, INC.",US5502411037,11/05/2018,ESTADOS UNIDOS,NEW YORK STOCK EXCHANGE
LUV,SOUTHWEST AIRLINES CO.,US8447411088,30/06/2011,ESTADOS UNIDOS,NEW YORK STOCK EXCHANGE
LVS,LAS VEGAS SANDS CORP.,US5178341070,11/06/2009,ESTADOS UNIDOS,NEW YORK STOCK EXCHANGE
LW,"LAMB WESTON HOLDINGS, INC.",US5132721045,14/06/2019,ESTADOS UNIDOS,NEW YORK STOCK EXCHANGE
LYB,LYONDELLBASELL INDUSTRIES N.V.,NL0009434992,12/06/2015,HOLANDA,NEW YORK STOCK EXCHANGE
LYG,LLOYDS BANKING GROUP PLC.,US5394391099,26/11/2003,REINO UNIDO,NEW YORK STOCK EXCHANGE
LYV,"LIVE NATION ENTERTAINMENT, INC.",US5380341090,27/06/2019,ESTADOS UNIDOS,NEW YORK STOCK EXCHANGE
M,MACY´S INC.,US55616P1049,13/12/2004,ESTADOS UNIDOS,NEW YORK STOCK EXCHANGE
MA,MASTERCARD INCORPORATED. ,US57636Q1040,28/02/2013,ESTADOS UNIDOS,NEW YORK STOCK EXCHANGE
MAA,Mid-America Apartment Communities Inc.,US59522J1034,06/05/2020,ESTADOS UNIDOS,NEW YORK STOCK EXCHANGE
MAC,THE MACERICH COMPANY,US5543821012,04/09/2008,ESTADOS UNIDOS,NEW YORK STOCK EXCHANGE
MAGN,MAGNERA CORPORATION,US55939A1079,06/11/2024,ESTADOS UNIDOS,NEW YORK STOCK EXCHANGE
MAIR,MADISON AIR SOLUTIONS CORPORATION,US55658T1051,17/07/2026,ESTADOS UNIDOS,NEW YORK STOCK EXCHANGE
MANU,MANCHESTER UNITED PLC,KYG5784H1065,18/06/2014,ISLAS CAYMAN,NEW YORK STOCK EXCHANGE
MAS,MASCO CORPORATION,US5745991068,08/11/2013,ESTADOS UNIDOS,NEW YORK STOCK EXCHANGE
MBGL,"MOBILITY GLOBAL, INC.",US60744M1062,02/07/2026,ESTADOS UNIDOS,NEW YORK STOCK EXCHANGE
MCD,MCDONALD'S CORPORATION,US5801351017,29/05/2003,ESTADOS UNIDOS,NEW YORK STOCK EXCHANGE
MCK,MCKESSON CORPORATION,US58155Q1031,26/04/2011,ESTADOS UNIDOS,NEW YORK STOCK EXCHANGE
MCO,MOODY´S CORPORATION,US6153691059,30/11/2016,ESTADOS UNIDOS,NEW YORK STOCK EXCHANGE
MD,"PEDIATRIX MEDICAL GROUP, INC.",US58502B1061,11/10/2013,ESTADOS UNIDOS,NEW YORK STOCK EXCHANGE
MDT,MEDTRONIC PLC,IE00BTN1Y115,27/01/2015,IRLANDA,NEW YORK STOCK EXCHANGE
MDU,MDU RESOURCES GROUP INC,US5526901096,09/03/2023,ESTADOS UNIDOS,NEW YORK STOCK EXCHANGE
MED,"MEDIFAST, INC.",US58470H1014,10/03/2021,ESTADOS UNIDOS,NEW YORK STOCK EXCHANGE
MET,"METLIFE, INC.",US59156R1086,27/01/2015,ESTADOS UNIDOS,NEW YORK STOCK EXCHANGE
MGA,MAGNA INTERNATIONAL INC,CA5592224011,23/12/2009,CANADA,NEW YORK STOCK EXCHANGE
MGM,MGM RESORTS INTERNATIONAL,US5529531015,11/06/2009,ESTADOS UNIDOS,NEW YORK STOCK EXCHANGE
MHK,"MOHAWK INDUSTRIES, INC.",US6081901042,06/04/2020,ESTADOS UNIDOS,NEW YORK STOCK EXCHANGE
MIR,"MIRION TECHNOLOGIES, INC.",US60471A1016,19/02/2025,ESTADOS UNIDOS,NEW YORK STOCK EXCHANGE
MKC,"MCCORMICK & COMPANY, INCORPORATED",US5797802064,30/05/2019,ESTADOS UNIDOS,NEW YORK STOCK EXCHANGE
MKL,MARKEL GROUP INC.,US5705351048,23/12/2009,ESTADOS UNIDOS,NEW YORK STOCK EXCHANGE
MLI,MUELLER INDUSTRIES INC.,US6247561029,28/12/2023,ESTADOS UNIDOS,NEW YORK STOCK EXCHANGE
MLM,"MARTIN MARIETTA MATERIALS, INC.",US5732841060,14/10/2014,ESTADOS UNIDOS,NEW YORK STOCK EXCHANGE
MMM,3M COMPANY,US88579Y1010,29/05/2003,ESTADOS UNIDOS,NEW YORK STOCK EXCHANGE
MMS,"MAXIMUS, INC.",US5779331041,24/08/2021,ESTADOS UNIDOS,NEW YORK STOCK EXCHANGE
MNSO,MINISO GROUP HOLDING LTD,US66981J1025,18/01/2021,ISLAS CAYMAN,NEW YORK STOCK EXCHANGE
MO,"ALTRIA GROUP, INC.",US02209S1033,29/05/2003,ESTADOS UNIDOS,NEW YORK STOCK EXCHANGE
MOG,MOOG INC.,US6153942023,29/09/2025,ESTADOS UNIDOS,NEW YORK STOCK EXCHANGE
MOS,THE MOSAIC COMPANY,US61945C1036,04/02/2009,ESTADOS UNIDOS,NEW YORK STOCK EXCHANGE
MP,MP MATERIALS CORP.,US5533681012,20/11/2020,ESTADOS UNIDOS,NEW YORK STOCK EXCHANGE
MPC,MARATHON PETROLEUM CORPORATION,US56585A1025,12/06/2015,ESTADOS UNIDOS,NEW YORK STOCK EXCHANGE
MPW,"MEDICAL PROPERTIES TRUST, INC.",US58463J3041,02/05/2022,ESTADOS UNIDOS,NEW YORK STOCK EXCHANGE
MPX,MARINE PRODUCTS CORPORATION,US5684271084,26/12/2023,ESTADOS UNIDOS,NEW YORK STOCK EXCHANGE
MRK,"MERCK & CO., INC.",US58933Y1055,29/05/2003,ESTADOS UNIDOS,NEW YORK STOCK EXCHANGE
MRP,"MILLROSE PROPERTIES, INC.",US6011371027,10/02/2025,ESTADOS UNIDOS,NEW YORK STOCK EXCHANGE
MRSH,"MARSH & MCLENNAN COMPANIES, INC.",US5717481023,02/12/2020,ESTADOS UNIDOS,NEW YORK STOCK EXCHANGE
MS,MORGAN STANLEY,US6174464486,12/11/2004,ESTADOS UNIDOS,NEW YORK STOCK EXCHANGE
MSA,MSA SAFETY INCORPORATED,US5534981064,13/03/2023,ESTADOS UNIDOS,NEW YORK STOCK EXCHANGE
MSCI,MSCI INC.,US55354G1004,14/06/2019,ESTADOS UNIDOS,NEW YORK STOCK EXCHANGE
MSGE1,MADISON SQUARE GARDEN ENTERTAINMENT CORP.,US5582561032,24/04/2023,ESTADOS UNIDOS,NEW YORK STOCK EXCHANGE
MSI,"MOTOROLA SOLUTIONS, INC.",US6200763075,22/02/2007,ESTADOS UNIDOS,NEW YORK STOCK EXCHANGE
MT,ARCELORMITTAL,US03938L2034,07/09/2009,LUXEMBURGO,NEW YORK STOCK EXCHANGE
MTB,M&T BANK CORPORATION,US55261F1049,30/04/2024,ESTADOS UNIDOS,NEW YORK STOCK EXCHANGE
MTD,METTLER-TOLEDO INTERNATIONAL INC.,US5926881054,07/02/2018,ESTADOS UNIDOS,NEW YORK STOCK EXCHANGE
MTDR,MATADOR RESOURCES COMPANY,US5764852050,13/03/2023,ESTADOS UNIDOS,NEW YORK STOCK EXCHANGE
MTG,MGIC INVESTMENT CORPORATION,US5528481030,28/05/2013,ESTADOS UNIDOS,NEW YORK STOCK EXCHANGE
MTN,"VAIL RESORTS, INC.",US91879Q1094,06/05/2019,ESTADOS UNIDOS,NEW YORK STOCK EXCHANGE
MTZ,"MASTEC, INC.",US5763231090,08/04/2026,ESTADOS UNIDOS,NEW YORK STOCK EXCHANGE
MUFG,MITSUBISHI UFJ FINANCIAL GROUP INC.,US6068221042,12/11/2004,JAPÓN,NEW YORK STOCK EXCHANGE
MUR,MURPHY OIL CORPORATION,US6267171022,09/03/2023,ESTADOS UNIDOS,NEW YORK STOCK EXCHANGE
MUSA1,MURPHY USA INC.,US6267551025,25/03/2024,ESTADOS UNIDOS,NEW YORK STOCK EXCHANGE
MUX,MCEWEN INC.,US58039P3055,21/03/2012,ESTADOS UNIDOS,NEW YORK STOCK EXCHANGE
NCLH,NORWEGIAN CRUISE LINE HOLDINGS LTD.,BMG667211046,19/08/2014,BERMUDA,NEW YORK STOCK EXCHANGE
NEE,"NEXTERA ENERGY, INC. ",US65339F1012,12/09/2017,ESTADOS UNIDOS,NEW YORK STOCK EXCHANGE
NEM,NEWMONT CORPORATION,US6516391066,20/12/2017,ESTADOS UNIDOS,NEW YORK STOCK EXCHANGE
NET,"CLOUDFLARE, INC.",US18915M1071,22/12/2020,ESTADOS UNIDOS,NEW YORK STOCK EXCHANGE
NFG,NATIONAL FUEL GAS COMPANY,US6361801011,09/03/2023,ESTADOS UNIDOS,NEW YORK STOCK EXCHANGE
NG,NOVAGOLD RESOURCES INC.,CA66987E2069,03/12/2010,CANADA,NEW YORK STOCK EXCHANGE
NGD,NEW GOLD INC.,CA6445351068,16/10/2025,CANADA,NEW YORK STOCK EXCHANGE
NGG,NATIONAL GRID PLC,US6362744095,22/03/2022,REINO UNIDO,NEW YORK STOCK EXCHANGE
NGVT,INGEVITY CORPORATION,US45688C1071,17/05/2016,ESTADOS UNIDOS,NEW YORK STOCK EXCHANGE
NHI,NATIONAL HEALTH INVESTORS INC,US63633D1046,20/12/2023,ESTADOS UNIDOS,NEW YORK STOCK EXCHANGE
NI,NISOURCE INC.,US65473P1057,16/05/2025,ESTADOS UNIDOS,NEW YORK STOCK EXCHANGE
NIO,NIO Inc,US62914V1061,30/01/2020,CHINA,NEW YORK STOCK EXCHANGE
NJR,NEW JERSEY RESOURCES CORPORATION,US6460251068,16/05/2025,ESTADOS UNIDOS,NEW YORK STOCK EXCHANGE
NKE,"NIKE, INC.",US6541061031,11/03/2014,ESTADOS UNIDOS,NEW YORK STOCK EXCHANGE
NLOP,NET LEASE OFFICE PROPERTIES,US64110Y1082,06/11/2023,ESTADOS UNIDOS,NEW YORK STOCK EXCHANGE
NLY,ANNALY CAPITAL MANAGEMENT INC,US0357108390,03/11/2025,ESTADOS UNIDOS,NEW YORK STOCK EXCHANGE
NNN,"NNN REIT, INC.",US6374171063,16/12/2022,ESTADOS UNIDOS,NEW YORK STOCK EXCHANGE
NOC,NORTHROP GRUMMAN CORPORATION,US6668071029,13/02/2018,ESTADOS UNIDOS,NEW YORK STOCK EXCHANGE
NOG,"NORTHERN OIL AND GAS, INC.",US6655313079,09/07/2024,ESTADOS UNIDOS,NEW YORK STOCK EXCHANGE
NOK,NOKIA CORPORATION,US6549022043,26/11/2003,FINLANDIA,NEW YORK STOCK EXCHANGE
NOMD,NOMAD FOODS LIMITED,VGG6564A1057,18/10/2016,ISLAS VÍRGENES (REINO UNIDO),NEW YORK STOCK EXCHANGE
NOV,NOV INC.,US62955J1034,09/06/2011,ESTADOS UNIDOS,NEW YORK STOCK EXCHANGE
NOWW,"SERVICENOW, INC.",US81762P1021,28/03/2018,ESTADOS UNIDOS,NEW YORK STOCK EXCHANGE
NPKI,NPK INTERNATIONAL INC.,US6517185046,27/07/2026,ESTADOS UNIDOS,NEW YORK STOCK EXCHANGE
NRG,"NRG ENERGY, INC.",US6293775085,09/03/2023,ESTADOS UNIDOS,NEW YORK STOCK EXCHANGE
NSA,NATIONAL STORAGE AFFILIATES TRUST,US6378701063,16/12/2022,ESTADOS UNIDOS,NEW YORK STOCK EXCHANGE
NSC,NORFOLK SOUTHERN CORPORATION,US6558441084,22/01/2019,ESTADOS UNIDOS,NEW YORK STOCK EXCHANGE
NTR,NUTRIEN LTD.,CA67077M1086,10/01/2018,CANADA,NEW YORK STOCK EXCHANGE
NTST,NETSTREIT CORP.,US64119V3033,02/03/2023,ESTADOS UNIDOS,NEW YORK STOCK EXCHANGE
NU,NU HOLDINGS LTD. ,KYG6683N1034,10/03/2022,ISLAS CAYMAN,NEW YORK STOCK EXCHANGE
NUE,NUCOR CORPORATION,US6703461052,25/09/2006,ESTADOS UNIDOS,NEW YORK STOCK EXCHANGE
NUS,"NU SKIN ENTERPRISES, INC.",US67018T1051,11/03/2025,ESTADOS UNIDOS,NEW YORK STOCK EXCHANGE
NVO,NOVO NORDISK A/S,US6701002056,16/12/2014,DINAMARCA,NEW YORK STOCK EXCHANGE
NVR,"NVR, INC.",US62944T1051,23/12/2016,ESTADOS UNIDOS,NEW YORK STOCK EXCHANGE
NVS,NOVARTIS AG,US66987V1098,26/11/2003,SUIZA,NEW YORK STOCK EXCHANGE
NVST,ENVISTA HOLDINGS CORPORATION,US29415F1049,14/03/2023,ESTADOS UNIDOS,NEW YORK STOCK EXCHANGE
NWL,NEWELL BRANDS INC.,US6512291062,22/04/2016,ESTADOS UNIDOS,NEW YORK STOCK EXCHANGE
O,REALTY INCOME CORPORATION,US7561091049,31/07/2020,ESTADOS UNIDOS,NEW YORK STOCK EXCHANGE
OGE,OGE ENERGY CORP.,US6708371033,13/03/2023,ESTADOS UNIDOS,NEW YORK STOCK EXCHANGE
OGN,ORGANON & CO.,US68622V1061,04/06/2021,ESTADOS UNIDOS,NEW YORK STOCK EXCHANGE
OGS,"ONE GAS, INC.",US68235P1084,14/03/2023,ESTADOS UNIDOS,NEW YORK STOCK EXCHANGE
OHI,"OMEGA HEALTHCARE INVESTORS, INC.",US6819361006,16/12/2022,ESTADOS UNIDOS,NEW YORK STOCK EXCHANGE
OI,"O-I GLASS, INC.",US67098H1041,13/11/2019,ESTADOS UNIDOS,NEW YORK STOCK EXCHANGE
OKE,"ONEOK, INC.",US6826801036,05/05/2022,ESTADOS UNIDOS,NEW YORK STOCK EXCHANGE
OKLO,OKLO INC.,US02156V1098,30/09/2025,ESTADOS UNIDOS,NEW YORK STOCK EXCHANGE
OMC,OMNICOM GROUP INC.,US6819191064,04/04/2025,ESTADOS UNIDOS,NEW YORK STOCK EXCHANGE
OMF,"ONEMAIN HOLDINGS, INC.",US68268W1036,05/03/2021,ESTADOS UNIDOS,NEW YORK STOCK EXCHANGE
ONL,ORION PROPERTIES INC.,US68629Y1038,17/11/2021,ESTADOS UNIDOS,NEW YORK STOCK EXCHANGE
ONON,ON HOLDING AG,CH1134540470,03/05/2024,SUIZA,NEW YORK STOCK EXCHANGE
ONTO,ONTO INNOVATION INC,US6833441057,20/10/2023,ESTADOS UNIDOS,NEW YORK STOCK EXCHANGE
OPTU,"OPTIMUM COMMUNICATIONS, INC.",US02156K1034,19/02/2020,ESTADOS UNIDOS,NEW YORK STOCK EXCHANGE
ORAN,ORANGE,US6840601065,11/11/2004,FRANCIA,NEW YORK STOCK EXCHANGE
ORCL,ORACLE CORP,US68389X1054,04/05/2004,ESTADOS UNIDOS,NEW YORK STOCK EXCHANGE
OSCR,"OSCAR HEALTH, INC.",US6877931096,22/05/2025,ESTADOS UNIDOS,NEW YORK STOCK EXCHANGE
OSG,"OCTAVE SPECIALTY GROUP, INC.",US0231398845,20/08/2025,ESTADOS UNIDOS,NEW YORK STOCK EXCHANGE
OSK,OSHKOSH CORPORATION,US6882392011,10/03/2023,ESTADOS UNIDOS,NEW YORK STOCK EXCHANGE
OTIS,OTIS WORLDWIDE CORPORATION,US68902V1070,07/04/2020,ESTADOS UNIDOS,NEW YORK STOCK EXCHANGE
OVV,OVINTIV INC.,US69047Q1022,03/12/2020,ESTADOS UNIDOS,NEW YORK STOCK EXCHANGE
OWL,BLUE OWL CAPITAL INC.,US09581B1035,03/06/2024,ESTADOS UNIDOS,NEW YORK STOCK EXCHANGE
OXY1,OCCIDENTAL PETROLEUM CORPORATION,US6745991058,13/08/2019,ESTADOS UNIDOS,NEW YORK STOCK EXCHANGE
P,"EVERPURE, INC.",US74624M1027,29/11/2022,ESTADOS UNIDOS,NEW YORK STOCK EXCHANGE
PAAS,PAN AMERICAN SILVER CORP.,CA6979001089,31/07/2020,CANADA,NEW YORK STOCK EXCHANGE
PAMP,PAMPA ENERGÍA S.A.,US6976602077,16/03/2017,ARGENTINA,NEW YORK STOCK EXCHANGE
PAR,PAR TECHNOLOGY CORPORATION,US6988841036,09/02/2022,ESTADOS UNIDOS,NEW YORK STOCK EXCHANGE
PARR,"PAR PACIFIC HOLDINGS, INC.",US69888T2078,28/12/2023,ESTADOS UNIDOS,NEW YORK STOCK EXCHANGE
PATH,"UIPATH, INC.",US90364P1057,09/11/2021,ESTADOS UNIDOS,NEW YORK STOCK EXCHANGE
PAYC,"PAYCOM SOFTWARE, INC.",US70432V1026,27/12/2018,ESTADOS UNIDOS,NEW YORK STOCK EXCHANGE
PBF,PBF ENERGY INC.,US69318G1067,03/07/2017,ESTADOS UNIDOS,NEW YORK STOCK EXCHANGE
PBR,PETRÓLEO BRASILEIRO S.A. – PETROBRAS,US71654V4086,25/09/2006,BRASIL,NEW YORK STOCK EXCHANGE
PBRA,PETRÓLEO BRASILEIRO S.A. PETROBRAS,US71654V1017,28/01/2014,BRASIL,NEW YORK STOCK EXCHANGE
PCG,PG&E CORPORATION,US69331C1080,14/10/2022,ESTADOS UNIDOS,NEW YORK STOCK EXCHANGE
PCOR,"PROCORE TECHNOLOGIES, INC.",US74275K1088,12/10/2022,ESTADOS UNIDOS,NEW YORK STOCK EXCHANGE
PEG,PUBLIC SERVICE ENTERPRISE GROUP INCORPORATED,US7445731067,14/02/2023,ESTADOS UNIDOS,NEW YORK STOCK EXCHANGE
PEN,"PENUMBRA, INC.",US70975L1070,14/06/2019,ESTADOS UNIDOS,NEW YORK STOCK EXCHANGE
PFE,PFIZER INC.,US7170811035,12/04/2004,ESTADOS UNIDOS,NEW YORK STOCK EXCHANGE
PG,THE PROCTER & GAMBLE COMPANY,US7427181091,29/05/2003,ESTADOS UNIDOS,NEW YORK STOCK EXCHANGE
PGR,THE PROGRESSIVE CORPORATION,US7433151039,21/04/2016,ESTADOS UNIDOS,NEW YORK STOCK EXCHANGE
PH,PARKER-HANNIFIN CORPORATION,US7010941042,28/03/2018,ESTADOS UNIDOS,NEW YORK STOCK EXCHANGE
PHIN,PHINIA INC.,US71880K1016,06/07/2023,ESTADOS UNIDOS,NEW YORK STOCK EXCHANGE
PHM,"PULTEGROUP, INC.",US7458671010,27/11/2007,ESTADOS UNIDOS,NEW YORK STOCK EXCHANGE
PII,POLARIS INC.,US7310681025,16/06/2015,ESTADOS UNIDOS,NEW YORK STOCK EXCHANGE
PINS,"PINTEREST, INC.",US72352L1061,16/08/2019,ESTADOS UNIDOS,NEW YORK STOCK EXCHANGE
PK,"PARK HOTELS & RESORTS, INC.",US7005171050,02/05/2022,ESTADOS UNIDOS,NEW YORK STOCK EXCHANGE
PKG,PACKAGING CORPORATION OF AMERICA,US6951561090,30/04/2024,ESTADOS UNIDOS,NEW YORK STOCK EXCHANGE
PKX,POSCO HOLDINGS INC.,US6934831099,05/05/2014,COREA (SUR),NEW YORK STOCK EXCHANGE
PLD,PROLOGIS INC.,US74340W1036,02/06/2011,ESTADOS UNIDOS,NEW YORK STOCK EXCHANGE
PLNT,"PLANET FITNESS, INC.",US72703H1014,19/04/2023,ESTADOS UNIDOS,NEW YORK STOCK EXCHANGE
PM,PHILIP MORRIS INTERNATIONAL INC.,US7181721090,19/03/2019,ESTADOS UNIDOS,NEW YORK STOCK EXCHANGE
PNC,THE PNC FINANCIAL SERVICES GROUP INC.,US6934751057,08/11/2013,ESTADOS UNIDOS,NEW YORK STOCK EXCHANGE
PNR,PENTAIR PLC,IE00BLS09M33,20/02/2019,IRLANDA,NEW YORK STOCK EXCHANGE
PNW,PINNACLE WEST CAPITAL CORPORATION,US7234841010,09/03/2023,ESTADOS UNIDOS,NEW YORK STOCK EXCHANGE
POR,PORTLAND GENERAL ELECTRIC COMPANY,US7365088472,14/03/2023,ESTADOS UNIDOS,NEW YORK STOCK EXCHANGE
POST,"POST HOLDINGS, INC.",US7374461041,13/03/2023,ESTADOS UNIDOS,NEW YORK STOCK EXCHANGE
PPG,"PPG INDUSTRIES, INC.",US6935061076,20/03/2015,ESTADOS UNIDOS,NEW YORK STOCK EXCHANGE
PPLC,PPL CORPORATION,US69351T1060,02/08/2023,ESTADOS UNIDOS,NEW YORK STOCK EXCHANGE
PR,PERMIAN RESOURCES CORPORATION,US71424F1057,15/03/2017,ESTADOS UNIDOS,NEW YORK STOCK EXCHANGE
PRGO,PERRIGO COMPANY PLC,IE00BGH1M568,20/01/2020,IRLANDA,NEW YORK STOCK EXCHANGE
PRIM,PRIMORIS SERVICES CORPORATION,US74164F1030,22/01/2025,ESTADOS UNIDOS,NEW YORK STOCK EXCHANGE
PRM,"PERIMETER SOLUTIONS, INC.",US71385M1071,13/04/2022,ESTADOS UNIDOS,NEW YORK STOCK EXCHANGE
PRU,PRUDENTIAL FINANCIAL INC.,US7443201022,25/09/2006,ESTADOS UNIDOS,NEW YORK STOCK EXCHANGE
PS,PERSHING SQUARE INC.,US71531U1025,10/08/2026,ESTADOS UNIDOS,NEW YORK STOCK EXCHANGE
PSA,PUBLIC STORAGE,US74460D1090,21/10/2019,ESTADOS UNIDOS,NEW YORK STOCK EXCHANGE
PSUS,"PERSHING SQUARE USA, LTD. ",US71531T1051,29/07/2026,ESTADOS UNIDOS,NEW YORK STOCK EXCHANGE
PSX,PHILLIPS 66,US7185461040,05/11/2020,ESTADOS UNIDOS,NEW YORK STOCK EXCHANGE
PUK,PRUDENTIAL PLC,US74435K2042,26/11/2003,REINO UNIDO,NEW YORK STOCK EXCHANGE
PVH,PVH CORP.,US6936561009,31/05/2019,ESTADOS UNIDOS,NEW YORK STOCK EXCHANGE
PWR,"QUANTA SERVICES, INC.",US74762E1029,09/03/2023,ESTADOS UNIDOS,NEW YORK STOCK EXCHANGE
Q1,"QNITY ELECTRONICS, INC.",US74743L1008,04/11/2025,ESTADOS UNIDOS,NEW YORK STOCK EXCHANGE
QSR,RESTAURANT BRANDS INTERNATIONAL INC,CA76131D1033,22/04/2015,CANADA,NEW YORK STOCK EXCHANGE
QTWO,Q2 HOLDINGS INC,US74736L1098,21/06/2019,ESTADOS UNIDOS,NEW YORK STOCK EXCHANGE
QXO,"QXO, INC.",US82846H4056,29/06/2026,ESTADOS UNIDOS,NEW YORK STOCK EXCHANGE
R1,"RYDER SYSTEM, INC.",US7835491082,04/04/2023,ESTADOS UNIDOS,NEW YORK STOCK EXCHANGE
RACE,FERRARI N.V.,NL0011585146,08/01/2016,HOLANDA,NEW YORK STOCK EXCHANGE
RAL,RALLIANT CORPORATION,US7509401086,01/07/2025,ESTADOS UNIDOS,NEW YORK STOCK EXCHANGE
RBLX,ROBLOX CORPORATION,US7710491033,11/03/2022,ESTADOS UNIDOS,NEW YORK STOCK EXCHANGE
RBRK,"RUBRIK, INC.",US7811541090,26/07/2024,ESTADOS UNIDOS,NEW YORK STOCK EXCHANGE
RBT,"RUBICON TECHNOLOGIES, INC.",US78112J2087,02/12/2022,ESTADOS UNIDOS,NEW YORK STOCK EXCHANGE
RCL,ROYAL CARIBBEAN GROUP,LR0008862868,04/02/2009,ESTADOS UNIDOS,NEW YORK STOCK EXCHANGE
RDDT,"REDDIT, INC.",US75734B1008,12/07/2024,ESTADOS UNIDOS,NEW YORK STOCK EXCHANGE
REXR,"REXFORD INDUSTRIAL REALTY, INC.",US76169C1009,03/02/2021,ESTADOS UNIDOS,NEW YORK STOCK EXCHANGE
REZI,"RESIDEO TECHNOLOGIES, INC.",US76118Y1047,31/10/2018,ESTADOS UNIDOS,NEW YORK STOCK EXCHANGE
RF,REGIONS FINANCIAL CORPORATION,US7591EP1005,16/05/2019,ESTADOS UNIDOS,NEW YORK STOCK EXCHANGE
RGA,"REINSURANCE GROUP OF AMERICA, INCORPORATED",US7593516047,10/01/2025,ESTADOS UNIDOS,NEW YORK STOCK EXCHANGE
RH,RH,US74967X1037,15/11/2013,ESTADOS UNIDOS,NEW YORK STOCK EXCHANGE
RHI,ROBERT HALF INC.,US7703231032,03/05/2021,ESTADOS UNIDOS,NEW YORK STOCK EXCHANGE
RHP,RYMAN HOSPITALITY PROPERTIES INC.,US78377T1079,15/04/2024,ESTADOS UNIDOS,NEW YORK STOCK EXCHANGE
RIG,TRANSOCEAN LTD.,CH0048265513,27/07/2010,SUIZA,NEW YORK STOCK EXCHANGE
RIO,RIO TINTO PLC,US7672041008,12/11/2004,REINO UNIDO,NEW YORK STOCK EXCHANGE
RITM,RITHM CAPITAL CORP.,US64828T2015,12/05/2023,ESTADOS UNIDOS,NEW YORK STOCK EXCHANGE
RJF,"RAYMOND JAMES FINANCIAL, INC.",US7547301090,13/02/2018,ESTADOS UNIDOS,NEW YORK STOCK EXCHANGE
RKT,"ROCKET COMPANIES, INC.",US77311W1018,02/03/2021,ESTADOS UNIDOS,NEW YORK STOCK EXCHANGE
RL,RALPH LAUREN CORPORATION,US7512121010,18/06/2019,ESTADOS UNIDOS,NEW YORK STOCK EXCHANGE
RMD,RESMED INC. ,US7611521078,18/06/2019,ESTADOS UNIDOS,NEW YORK STOCK EXCHANGE
RNG,"RINGCENTRAL, INC.",US76680R2067,09/12/2019,ESTADOS UNIDOS,NEW YORK STOCK EXCHANGE
ROK,"ROCKWELL AUTOMATION, INC.",US7739031091,17/05/2018,ESTADOS UNIDOS,NEW YORK STOCK EXCHANGE
ROL,"ROLLINS, INC.",US7757111049,06/11/2023,ESTADOS UNIDOS,NEW YORK STOCK EXCHANGE
RPM,RPM INTERNATIONAL INC.,US7496851038,10/03/2023,ESTADOS UNIDOS,NEW YORK STOCK EXCHANGE
RRCO,RANGE RESOURCES CORPORATION,US75281A1097,01/02/2018,ESTADOS UNIDOS,NEW YORK STOCK EXCHANGE
RRX,REGAL REXNORD CORPORATION,US7587501039,21/12/2022,ESTADOS UNIDOS,NEW YORK STOCK EXCHANGE
RS,"RELIANCE, INC.",US7595091023,22/01/2021,ESTADOS UNIDOS,NEW YORK STOCK EXCHANGE
RSGA,"REPUBLIC SERVICES, INC.",US7607591002,02/01/2019,ESTADOS UNIDOS,NEW YORK STOCK EXCHANGE
RTX,RTX CORPORATION,US75513E1010,29/05/2003,ESTADOS UNIDOS,NEW YORK STOCK EXCHANGE
RVLV,"REVOLVE GROUP, INC.",US76156B1070,04/06/2020,ESTADOS UNIDOS,NEW YORK STOCK EXCHANGE
RVTY,"REVVITY, INC.",US7140461093,14/06/2019,ESTADOS UNIDOS,NEW YORK STOCK EXCHANGE
RXO,"RXO, INC.",US74982T1034,03/11/2022,ESTADOS UNIDOS,NEW YORK STOCK EXCHANGE
RY,ROYAL BANK OF CANADA,CA7800871021,12/11/2004,CANADA,NEW YORK STOCK EXCHANGE
RYAN,"RYAN SPECIALTY HOLDINGS, INC.",US78351F1075,26/11/2024,ESTADOS UNIDOS,NEW YORK STOCK EXCHANGE
RYN,RAYONIER INC.,US7549071030,16/12/2022,ESTADOS UNIDOS,NEW YORK STOCK EXCHANGE
S1,"SENTINELONE, INC.",US81730H1095,09/10/2024,ESTADOS UNIDOS,NEW YORK STOCK EXCHANGE
SA,SEABRIDGE GOLD INC.,CA8119271028,19/03/2021,CANADA,NEW YORK STOCK EXCHANGE
SACH,SACHEM CAPITAL CORP.,US78590A1097,29/10/2020,ESTADOS UNIDOS,NEW YORK STOCK EXCHANGE
SAM,"THE BOSTON BEER COMPANY, INC.",US1005571070,27/04/2021,ESTADOS UNIDOS,NEW YORK STOCK EXCHANGE
SAP,SAP SE,US8030542042,26/11/2003,ALEMANIA,NEW YORK STOCK EXCHANGE
SBS,COMPANHIA DE SANEAMENTO BÁSICO DO ESTADO DE SÃO PAULO_SABESP,US20441A1025,24/10/2014,BRASIL,NEW YORK STOCK EXCHANGE
SBSW,SIBANYE STILLWATER LIMITED,US82575P1075,11/06/2021,SUDÁFRICA,NEW YORK STOCK EXCHANGE
SCCO,SOUTHERN COPPER CORP.,US84265V1052,13/12/2004,ESTADOS UNIDOS,NEW YORK STOCK EXCHANGE
SCHW,THE CHARLES SCHWAB CORPORATION,US8085131055,21/11/2014,ESTADOS UNIDOS,NEW YORK STOCK EXCHANGE
SCI,SERVICE CORPORATION INTERNATIONAL,US8175651046,14/06/2019,ESTADOS UNIDOS,NEW YORK STOCK EXCHANGE
SE,Sea Limited,US81141R1005,22/05/2020,ISLAS CAYMAN,NEW YORK STOCK EXCHANGE
SEG,SEAPORT ENTERTAINMENT GROUP INC.,US8122152007,02/08/2024,ESTADOS UNIDOS,NEW YORK STOCK EXCHANGE
SEI,"SOLARIS ENERGY INFRASTRUCTURE, INC.",US83418M1036,27/03/2026,ESTADOS UNIDOS,NEW YORK STOCK EXCHANGE
SGI,SOMNIGROUP INTERNATIONAL INC.,US88023U1016,10/03/2023,ESTADOS UNIDOS,NEW YORK STOCK EXCHANGE
SHAK,SHAKE SHACK INC.,US8190471016,17/10/2018,ESTADOS UNIDOS,NEW YORK STOCK EXCHANGE
SHEL1,SHELL PLC,US7802593050,02/02/2022,REINO UNIDO,NEW YORK STOCK EXCHANGE
SHG,"SHINHAN FINANCIAL GROUP CO., LTD. ",US8245961003,21/06/2017,COREA (SUR),NEW YORK STOCK EXCHANGE
SHW,THE SHERWIN-WILLIAMS COMPANY,US8243481061,02/10/2015,ESTADOS UNIDOS,NEW YORK STOCK EXCHANGE
SID,COMPANHIA SIDERURGICA NACIONAL,US20440W1053,28/05/2008,BRASIL,NEW YORK STOCK EXCHANGE
SILV,SILVERCREST METALS INC.,CA8283631015,19/03/2021,CANADA,NEW YORK STOCK EXCHANGE
SITE,"SITEONE LANDSCAPE SUPPLY, INC.",US82982L1035,15/03/2024,ESTADOS UNIDOS,NEW YORK STOCK EXCHANGE
SJM,THE J. M. SMUCKER COMPANY,US8326964058,16/05/2019,ESTADOS UNIDOS,NEW YORK STOCK EXCHANGE
SKM,"SK TELECOM CO., LTD.",US78440P3064,14/06/2019,COREA (SUR),NEW YORK STOCK EXCHANGE
SKY1,"CHAMPION HOMES, INC.",US8308301055,09/07/2024,ESTADOS UNIDOS,NEW YORK STOCK EXCHANGE
SLAI,SOLAI LIMITED,US0554743080,01/09/2021,ISLAS CAYMAN,NEW YORK STOCK EXCHANGE
SLB,SLB N.V.,AN8068571086,12/11/2004,ESTADOS UNIDOS,NEW YORK STOCK EXCHANGE
SLG,SL GREEN REALTY CORP.,US78440X8873,16/12/2022,ESTADOS UNIDOS,NEW YORK STOCK EXCHANGE
SLVM,SYLVAMO CORPORATION,US8713321029,04/10/2021,ESTADOS UNIDOS,NEW YORK STOCK EXCHANGE
SMFG,"SUMITOMO MITSUI FINANCIAL GROUP, INC.",US86562M2098,04/01/2023,JAPÓN,NEW YORK STOCK EXCHANGE
SMHI,SEACOR MARINE HOLDINGS INC.,US78413P1012,27/02/2018,ESTADOS UNIDOS,NEW YORK STOCK EXCHANGE
SNA,SNAP-ON INCORPORATED,US8330341012,03/11/2025,ESTADOS UNIDOS,NEW YORK STOCK EXCHANGE
SNAP,SNAP INC.,US83304A1060,21/08/2019,ESTADOS UNIDOS,NEW YORK STOCK EXCHANGE
SNOW,SNOWFLAKE INC.,US8334451098,17/12/2020,ESTADOS UNIDOS,NEW YORK STOCK EXCHANGE
SNX1,TD SYNNEX CORPORATION,US87162W1009,09/07/2024,ESTADOS UNIDOS,NEW YORK STOCK EXCHANGE
SNY,SANOFI,US80105N1054,04/09/2009,FRANCIA,NEW YORK STOCK EXCHANGE
SO,THE SOUTHERN COMPANY,US8425871071,22/01/2021,ESTADOS UNIDOS,NEW YORK STOCK EXCHANGE
SOL,EMEREN GROUP LTD.,US75971T3014,17/06/2011,CHINA,NEW YORK STOCK EXCHANGE
SOLV,SOLVENTUM CORPORATION,US83444M1018,02/04/2024,ESTADOS UNIDOS,NEW YORK STOCK EXCHANGE
SONY,SONY GROUP CORPORATION,US8356993076,12/11/2004,JAPÓN,NEW YORK STOCK EXCHANGE
SPB,"SPECTRUM BRANDS HOLDINGS, INC.",US84790A1051,30/09/2019,ESTADOS UNIDOS,NEW YORK STOCK EXCHANGE
SPCE,"Virgin Galactic Holdings, Inc.",US92766K4031,05/05/2020,ESTADOS UNIDOS,NEW YORK STOCK EXCHANGE
SPG,"SIMON PROPERTY GROUP, INC.",US8288061091,04/03/2020,ESTADOS UNIDOS,NEW YORK STOCK EXCHANGE
SPGI,S AND P GLOBAL INC.,US78409V1044,09/02/2005,ESTADOS UNIDOS,NEW YORK STOCK EXCHANGE
SPHR,SPHERE ENTERTAINMENT CO.,US55826T1025,26/08/2020,ESTADOS UNIDOS,NEW YORK STOCK EXCHANGE
SPOT,SPOTIFY TECHNOLOGY S.A.,LU1778762911,04/04/2019,LUXEMBURGO,NEW YORK STOCK EXCHANGE
SRE,SEMPRA,US8168511090,16/12/2024,ESTADOS UNIDOS,NEW YORK STOCK EXCHANGE
ST,SENSATA TECHNOLOGIES HOLDING PLC,GB00BFMBMT84,30/04/2021,REINO UNIDO,NEW YORK STOCK EXCHANGE
STAG,"STAG INDUSTRIAL, INC.",US85254J1025,02/06/2017,ESTADOS UNIDOS,NEW YORK STOCK EXCHANGE
STE,STERIS PLC,IE00BFY8C754,22/01/2021,IRLANDA,NEW YORK STOCK EXCHANGE
STM,STMICROELECTRONICS N.V.,US8610121027,12/11/2004,HOLANDA,NEW YORK STOCK EXCHANGE
STNG,SCORPIO TANKERS INC.,MHY7542C1306,21/11/2019,ISLAS MARSHALL,NEW YORK STOCK EXCHANGE
STT,STATE STREET CORPORATION,US8574771031,13/11/2013,ESTADOS UNIDOS,NEW YORK STOCK EXCHANGE
STVN,STEVANATO GROUP S.P.A.,IT0005452658,07/10/2022,ITALIA,NEW YORK STOCK EXCHANGE
STWD,"STARWOOD PROPERTY TRUST, INC.",US85571B1052,10/10/2018,ESTADOS UNIDOS,NEW YORK STOCK EXCHANGE
STZ,"CONSTELLATION BRANDS, INC.",US21036P1084,20/07/2004,ESTADOS UNIDOS,NEW YORK STOCK EXCHANGE
SUI,SUN COMMUNITIES INC.,US8666741041,02/03/2020,ESTADOS UNIDOS,NEW YORK STOCK EXCHANGE
SUNB,"SUNBELT RENTALS HOLDINGS, INC.",US8669661048,03/03/2026,ESTADOS UNIDOS,NEW YORK STOCK EXCHANGE
SUPV,GRUPO SUPERVIELLE S.A.,US40054A1088,22/11/2017,ARGENTINA,NEW YORK STOCK EXCHANGE
SUU,SUNCOR ENERGY INC.,CA8672241079,22/01/2019,CANADA,NEW YORK STOCK EXCHANGE
SUZ,SUZANO SA,US86959K1051,07/01/2019,BRASIL,NEW YORK STOCK EXCHANGE
SW1,SMURFIT WESTROCK PLC,IE00028FXN24,09/07/2024,IRLANDA,NEW YORK STOCK EXCHANGE
SWK,"STANLEY BLACK & DECKER, INC.",US8545021011,31/05/2019,ESTADOS UNIDOS,NEW YORK STOCK EXCHANGE
SXT,SENSIENT TECHNOLOGIES CORPORATION,US81725T1007,14/03/2023,ESTADOS UNIDOS,NEW YORK STOCK EXCHANGE
SYF,SYNCHRONY FINANCIAL,US87165B1035,18/01/2017,ESTADOS UNIDOS,NEW YORK STOCK EXCHANGE
SYK,STRYKER CORPORATION,US8636671013,03/11/2016,ESTADOS UNIDOS,NEW YORK STOCK EXCHANGE
SYY,SYSCO CORPORATION,US8718291078,21/09/2017,ESTADOS UNIDOS,NEW YORK STOCK EXCHANGE
T,AT&T INC.,US00206R1023,29/05/2003,ESTADOS UNIDOS,NEW YORK STOCK EXCHANGE
TAK,TAKEDA PHARMACEUTICAL COMPANY LIMITED,US8740602052,07/01/2019,JAPÓN,NEW YORK STOCK EXCHANGE
TAL,TAL EDUCATION GROUP,US8740801043,22/11/2017,ISLAS CAYMAN,NEW YORK STOCK EXCHANGE
TALO,TALOS ENERGY INC.,US87484T1088,05/03/2024,ESTADOS UNIDOS,NEW YORK STOCK EXCHANGE
TAP1,MOLSON COORS BEVERAGE COMPANY,US60871R2094,08/03/2019,ESTADOS UNIDOS,NEW YORK STOCK EXCHANGE
TBBB,BBB FOODS INC.,VGG0896C1032,27/05/2024,ISLAS VÍRGENES (REINO UNIDO),NEW YORK STOCK EXCHANGE
TD,TORONTO-DOMINION BANK,CA8911605092,12/11/2004,CANADA,NEW YORK STOCK EXCHANGE
TDG,TRANSDIGM GROUP INCORPORATED,US8936411003,28/11/2018,ESTADOS UNIDOS,NEW YORK STOCK EXCHANGE
TDOC,TELADOC HEALTH INC.,US87918A1051,13/03/2020,ESTADOS UNIDOS,NEW YORK STOCK EXCHANGE
TDW,TIDEWATER INC.,US88642R1095,27/02/2018,ESTADOS UNIDOS,NEW YORK STOCK EXCHANGE
TDY,TELEDYNE TECHNOLOGIES INCORPORATED,US8793601050,11/11/2021,ESTADOS UNIDOS,NEW YORK STOCK EXCHANGE
TE,T1 ENERGY INC.,US35834F1049,03/01/2024,ESTADOS UNIDOS,NEW YORK STOCK EXCHANGE
TECK,TECK RESOURCES LIMITED,CA8787422044,26/04/2011,CANADA,NEW YORK STOCK EXCHANGE
TEF,TELEFONICA SA,US8793822086,26/11/2003,ESPAÑA,NEW YORK STOCK EXCHANGE
TEL1,TE CONNECTIVITY PLC,IE000IVNQZ81,02/10/2024,IRLANDA,NEW YORK STOCK EXCHANGE
TEO,TELECOM ARGENTINA S.A.,US8792732096,06/04/2017,ARGENTINA,NEW YORK STOCK EXCHANGE
TER,"TERADYNE, INC.",US8807701029,26/04/2018,ESTADOS UNIDOS,NEW YORK STOCK EXCHANGE
TEVA,TEVA PHARMACEUTICAL INDUSTRIES LIMITED,US8816242098,23/02/2011,ISRAEL,NEW YORK STOCK EXCHANGE
TEX,TEREX CORPORATION,US8807791038,04/03/2024,ESTADOS UNIDOS,NEW YORK STOCK EXCHANGE
TFC,TRUIST FINANCIAL CORPORATION,US89832Q1094,12/09/2017,ESTADOS UNIDOS,NEW YORK STOCK EXCHANGE
TFPM,TRIPLE FLAG PRECIOUS METALS CORP. ,CA89679M1041,22/07/2026,CANADA,NEW YORK STOCK EXCHANGE
TFX,TELEFLEX INCORPORATED,US8793691069,24/05/2022,ESTADOS UNIDOS,NEW YORK STOCK EXCHANGE
TGS,TRANSPORTADORA DE GAS DEL SUR S.A.,US8938702045,14/02/2018,ARGENTINA,NEW YORK STOCK EXCHANGE
TGT,TARGET CORPORATION,US87612E1064,13/12/2004,ESTADOS UNIDOS,NEW YORK STOCK EXCHANGE
THC,TENET HEALTHCARE CORPORATION,US88033G4073,08/02/2023,ESTADOS UNIDOS,NEW YORK STOCK EXCHANGE
THO,"THOR INDUSTRIES, INC.",US8851601018,10/03/2023,ESTADOS UNIDOS,NEW YORK STOCK EXCHANGE
THS,"TREEHOUSE FOODS, INC.",US89469A1043,14/03/2023,ESTADOS UNIDOS,NEW YORK STOCK EXCHANGE
TIMB,TIM S.A.,US88706T1088,20/10/2020,BRASIL,NEW YORK STOCK EXCHANGE
TJX,THE TJX COMPANIES INC.,US8725401090,07/05/2008,ESTADOS UNIDOS,NEW YORK STOCK EXCHANGE
TK,TEEKAY CORPORATION LTD,BMG8726T1053,03/07/2017,BERMUDA,NEW YORK STOCK EXCHANGE
TKC,TURKCELL ILETISIM HIZMETLERI A.S.,US9001112047,21/09/2018,TURQUIA,NEW YORK STOCK EXCHANGE
TKO,"TKO GROUP HOLDINGS, INC.",US87256C1018,28/08/2025,ESTADOS UNIDOS,NEW YORK STOCK EXCHANGE
TKR,THE TIMKEN COMPANY,US8873891043,02/03/2017,ESTADOS UNIDOS,NEW YORK STOCK EXCHANGE
TM,TOYOTA MOTOR CORP.,US8923313071,12/11/2004,JAPÓN,NEW YORK STOCK EXCHANGE
TME,TENCENT MUSIC ENTERTAINMENT GROUP,US88034P1093,29/04/2021,ISLAS CAYMAN,NEW YORK STOCK EXCHANGE
TMHC,TAYLOR MORRISON HOME CORPORATION,US87724P1066,04/04/2023,ESTADOS UNIDOS,NEW YORK STOCK EXCHANGE
TMO,THERMO FISHER SCIENTIFIC INC.,US8835561023,11/04/2014,ESTADOS UNIDOS,NEW YORK STOCK EXCHANGE
TNK,TEEKAY TANKERS LTD.,BMG8726X1065,29/05/2019,BERMUDA,NEW YORK STOCK EXCHANGE
TOL,"TOLL BROTHERS, INC.",US8894781033,27/11/2007,ESTADOS UNIDOS,NEW YORK STOCK EXCHANGE
TOST,"TOAST, INC.",US8887871080,23/12/2021,ESTADOS UNIDOS,NEW YORK STOCK EXCHANGE
TPH,"TRI POINTE HOMES, INC.",US87265H1095,14/03/2023,ESTADOS UNIDOS,NEW YORK STOCK EXCHANGE
TPL,TEXAS PACIFIC LAND CORPORATION,US88262P1021,08/11/2024,ESTADOS UNIDOS,NEW YORK STOCK EXCHANGE
TPR,"TAPESTRY, INC.",US8760301072,10/03/2021,ESTADOS UNIDOS,NEW YORK STOCK EXCHANGE
TREX1,"TREX COMPANY, INC.",US89531P1057,30/03/2021,ESTADOS UNIDOS,NEW YORK STOCK EXCHANGE
TRGP,TARGA RESOURCES CORP.,US87612G1013,06/11/2020,ESTADOS UNIDOS,NEW YORK STOCK EXCHANGE
TRN,"TRINITY INDUSTRIES, INC.",US8965221091,27/09/2013,ESTADOS UNIDOS,NEW YORK STOCK EXCHANGE
TRU,TRANSUNION,US89400J1079,28/08/2025,ESTADOS UNIDOS,NEW YORK STOCK EXCHANGE
TRV,"THE TRAVELERS COMPANIES, INC.",US89417E1091,08/06/2009,ESTADOS UNIDOS,NEW YORK STOCK EXCHANGE
TSM,TAIWAN SEMICONDUCTOR MANUFACTURING,US8740391003,12/11/2004,TAIWAN,NEW YORK STOCK EXCHANGE
TSN,"TYSON FOODS, INC.",US9024941034,20/09/2019,ESTADOS UNIDOS,NEW YORK STOCK EXCHANGE
TSU,TIM PARTICIPACOES SA,US88706P2056,25/09/2006,BRASIL,NEW YORK STOCK EXCHANGE
TT,TRANE TECHNOLOGIES PLC,IE00BK9ZQ967,30/04/2021,IRLANDA,NEW YORK STOCK EXCHANGE
TTC,THE TORO COMPANY,US8910921084,09/07/2024,ESTADOS UNIDOS,NEW YORK STOCK EXCHANGE
TTE,TOTAL ENERGIES SE,US89151E1091,26/11/2003,FRANCIA,NEW YORK STOCK EXCHANGE
TU,TELUS CORPORATION,CA87971M1032,26/09/2019,CANADA,NEW YORK STOCK EXCHANGE
TWLO,TWILIO INC.,US90138F1021,18/10/2016,ESTADOS UNIDOS,NEW YORK STOCK EXCHANGE
TX,"TERNIUM, S.A.",US8808901081,31/07/2007,LUXEMBURGO,NEW YORK STOCK EXCHANGE
TXNM,"TXNM ENERGY, INC.",US69349H1077,26/03/2025,ESTADOS UNIDOS,NEW YORK STOCK EXCHANGE
TXT,TEXTRON INC.,US8832031012,26/11/2009,ESTADOS UNIDOS,NEW YORK STOCK EXCHANGE
TYL,"Tyler Technologies, Inc.",US9022521051,06/12/2018,ESTADOS UNIDOS,NEW YORK STOCK EXCHANGE
U,UNITY SOFTWARE INC.,US91332U1016,29/04/2021,ESTADOS UNIDOS,NEW YORK STOCK EXCHANGE
UAA,"UNDER ARMOUR, INC.",US9043111072,22/07/2008,ESTADOS UNIDOS,NEW YORK STOCK EXCHANGE
UAAC,"UNDER ARMOUR, INC.",US9043112062,11/05/2016,ESTADOS UNIDOS,NEW YORK STOCK EXCHANGE
UAMY,UNITED STATES ANTIMONY CORPORATION,US9115491030,14/10/2025,ESTADOS UNIDOS,NEW YORK STOCK EXCHANGE
UBER,"UBER TECHNOLOGIES, INC.",US90353T1007,12/08/2019,ESTADOS UNIDOS,NEW YORK STOCK EXCHANGE
UBS,UBS GROUP AG,CH0244767585,20/01/2015,SUIZA,NEW YORK STOCK EXCHANGE
UDR,"UDR, INC.",US9026531049,26/09/2019,ESTADOS UNIDOS,NEW YORK STOCK EXCHANGE
UGP,ULTRAPAR PARTICIPACOES S.A.,US90400P1012,30/04/2009,BRASIL,NEW YORK STOCK EXCHANGE
UHAL,U-HAUL HOLDING COMPANY,US0235861004,05/04/2023,ESTADOS UNIDOS,NEW YORK STOCK EXCHANGE
UHS,"UNIVERSAL HEALTH SERVICES, INC.",US9139031002,14/06/2019,ESTADOS UNIDOS,NEW YORK STOCK EXCHANGE
UI,UBIQUITI INC.,US90353W1036,04/04/2025,ESTADOS UNIDOS,NEW YORK STOCK EXCHANGE
UL,UNILEVER PLC,US9047678035,26/11/2003,REINO UNIDO,NEW YORK STOCK EXCHANGE
ULS,UL SOLUTIONS INC.,US9037311076,15/05/2025,ESTADOS UNIDOS,NEW YORK STOCK EXCHANGE
UMC,UNITED MICROELECTRONICS CORPORATION,US9108734057,04/03/2021,TAIWAN,NEW YORK STOCK EXCHANGE
UNFI,"UNITED NATURAL FOODS, INC.",US9111631035,10/12/2024,ESTADOS UNIDOS,NEW YORK STOCK EXCHANGE
UNH,UNITEDHEALTH GROUP INC.,US91324P1021,30/10/2012,ESTADOS UNIDOS,NEW YORK STOCK EXCHANGE
UNP,UNION PACIFIC CORPORATION,US9078181081,09/06/2011,ESTADOS UNIDOS,NEW YORK STOCK EXCHANGE
UPS,UNITED PARCEL SERVICE INC.,US9113121068,11/04/2014,ESTADOS UNIDOS,NEW YORK STOCK EXCHANGE
URI,"UNITED RENTALS, INC.",US9113631090,09/01/2020,ESTADOS UNIDOS,NEW YORK STOCK EXCHANGE
USB,US BANCORP,US9029733048,22/12/2009,ESTADOS UNIDOS,NEW YORK STOCK EXCHANGE
USFD,US FOODS HOLDING CORP.,US9120081099,25/10/2018,ESTADOS UNIDOS,NEW YORK STOCK EXCHANGE
USPH,"U.S. PHYSICAL THERAPY, INC.",US90337L1089,27/10/2025,ESTADOS UNIDOS,NEW YORK STOCK EXCHANGE
UUUU,ENERGY FUELS INC.,CA2926717083,10/02/2026,CANADA,NEW YORK STOCK EXCHANGE
V,VISA INC.,US92826C8394,16/06/2008,ESTADOS UNIDOS,NEW YORK STOCK EXCHANGE
VAC,MARRIOTT VACATIONS WORLDWIDE CORPORATION,US57164Y1073,25/08/2022,ESTADOS UNIDOS,NEW YORK STOCK EXCHANGE
VAL,VALARIS LIMITED,BMG9460G1015,12/11/2024,BERMUDA,NEW YORK STOCK EXCHANGE
VALE,VALE S.A.,US91912E1055,25/09/2006,BRASIL,NEW YORK STOCK EXCHANGE
VEEV,VEEVA SYSTEMS INC.,US9224751084,06/03/2019,ESTADOS UNIDOS,NEW YORK STOCK EXCHANGE
VFC,V.F. CORPORATION,US9182041080,05/11/2020,ESTADOS UNIDOS,NEW YORK STOCK EXCHANGE
VG,"VENTURE GLOBAL, INC.",US92333F1012,03/11/2025,ESTADOS UNIDOS,NEW YORK STOCK EXCHANGE
VGNT,VERSIGENT PLC,JE00BWK75100,06/04/2026,JERSEY,NEW YORK STOCK EXCHANGE
VICI,VICI PROPERTIES INC.,US9256521090,07/04/2022,ESTADOS UNIDOS,NEW YORK STOCK EXCHANGE
VIK,VIKING HOLDINGS LTD,BMG93A5A1010,28/08/2025,BERMUDA,NEW YORK STOCK EXCHANGE
VIPS,VIPSHOP HOLDINGS LIMITED,US92763W1036,27/01/2015,ISLAS CAYMAN,NEW YORK STOCK EXCHANGE
VIRT,"Virtu Financial, Inc.",US9282541013,18/05/2020,ESTADOS UNIDOS,NEW YORK STOCK EXCHANGE
VIV1,TELEFÓNICA BRASIL S.A.,US87936R2058,02/12/2020,BRASIL,NEW YORK STOCK EXCHANGE
VLO,VALERO ENERGY CORP,US91913Y1001,22/02/2007,ESTADOS UNIDOS,NEW YORK STOCK EXCHANGE
VLTO,VERALTO CORPORATION,US92338C1036,03/10/2023,ESTADOS UNIDOS,NEW YORK STOCK EXCHANGE
VMC,VULCAN MATERIALS COMPANY,US9291601097,25/06/2008,ESTADOS UNIDOS,NEW YORK STOCK EXCHANGE
VMI,Valmont Industries Inc,US9202531011,22/02/2019,ESTADOS UNIDOS,NEW YORK STOCK EXCHANGE
VMW,"VMWARE, INC.",US9285634021,13/02/2018,ESTADOS UNIDOS,NEW YORK STOCK EXCHANGE
VNO,VORNADO REALTY TRUST,US9290421091,23/12/2022,ESTADOS UNIDOS,NEW YORK STOCK EXCHANGE
VNT1,VONTIER CORPORATION ,US9288811014,13/10/2020,ESTADOS UNIDOS,NEW YORK STOCK EXCHANGE
VRT,VERTIV HOLDINGS CO,US92537N1081,29/05/2024,ESTADOS UNIDOS,NEW YORK STOCK EXCHANGE
VST,VISTRA CORP.,US92840M1027,08/01/2021,ESTADOS UNIDOS,NEW YORK STOCK EXCHANGE
VSTS,VESTIS CORPORATION,US29430C1027,03/10/2023,ESTADOS UNIDOS,NEW YORK STOCK EXCHANGE
VSXY,VICTORIA´S SECRET & CO.,US9264001028,04/08/2021,ESTADOS UNIDOS,NEW YORK STOCK EXCHANGE
VTR,"VENTAS, INC.",US92276F1003,06/11/2020,ESTADOS UNIDOS,NEW YORK STOCK EXCHANGE
VTS,"VITESSE ENERGY, INC.",US92852X1037,18/01/2023,ESTADOS UNIDOS,NEW YORK STOCK EXCHANGE
VZ,VERIZON COMMUNICATIONS INC.,US92343V1044,12/04/2004,ESTADOS UNIDOS,NEW YORK STOCK EXCHANGE
W,Wayfair Inc.,US94419L1017,19/06/2020,ESTADOS UNIDOS,NEW YORK STOCK EXCHANGE
WAB,WESTINGHOUSE AIR BRAKE TECHNOLOGIES CORPORATION,US9297401088,20/02/2019,ESTADOS UNIDOS,NEW YORK STOCK EXCHANGE
WAL,WESTERN ALLIANCE BANCORPORATION,US9576381092,03/04/2023,ESTADOS UNIDOS,NEW YORK STOCK EXCHANGE
WAT,WATERS CORPORATION,US9418481035,18/06/2019,ESTADOS UNIDOS,NEW YORK STOCK EXCHANGE
WCC,"WESCO INTERNATIONAL, INC.",US95082P1057,08/12/2021,ESTADOS UNIDOS,NEW YORK STOCK EXCHANGE
WCN,"WASTE CONNECTIONS, INC.",CA94106B1013,25/06/2021,CANADA,NEW YORK STOCK EXCHANGE
WDS1,WOODSIDE ENERGY GROUP LTD,US9802283088,03/06/2022,AUSTRALIA,NEW YORK STOCK EXCHANGE
WEC,"WEC ENERGY GROUP, INC.",US92939U1060,04/04/2025,ESTADOS UNIDOS,NEW YORK STOCK EXCHANGE
WELL,WELLTOWER INC.,US95040Q1040,14/10/2021,ESTADOS UNIDOS,NEW YORK STOCK EXCHANGE
WFC,WELLS FARGO & CO.,US9497461015,12/11/2004,ESTADOS UNIDOS,NEW YORK STOCK EXCHANGE
WHR,WHIRLPOOL CORPORATION,US9633201069,01/07/2014,ESTADOS UNIDOS,NEW YORK STOCK EXCHANGE
WIT,WIPRO LIMITED,US97651M1099,05/05/2014,INDIA,NEW YORK STOCK EXCHANGE
WLK,WESTLAKE CORPORATION,US9604131022,04/04/2025,ESTADOS UNIDOS,NEW YORK STOCK EXCHANGE
WMB,"THE WILLIAMS COMPANIES, INC.",US9694571004,01/03/2022,ESTADOS UNIDOS,NEW YORK STOCK EXCHANGE
WMI,"WASTE MANAGEMENT, INC.",US94106L1098,18/03/2021,ESTADOS UNIDOS,NEW YORK STOCK EXCHANGE
WMS,"Advanced Drainage Systems, Inc.",US00790R1041,22/02/2019,ESTADOS UNIDOS,NEW YORK STOCK EXCHANGE
WNC,WABASH NATIONAL CORPORATION,US9295661071,04/03/2024,ESTADOS UNIDOS,NEW YORK STOCK EXCHANGE
WOLF1,"WOLFSPEED, INC.",US97785W1062,30/09/2025,ESTADOS UNIDOS,NEW YORK STOCK EXCHANGE
WOR,"WORTHINGTON ENTERPRISES, INC.",US9818111026,14/03/2023,ESTADOS UNIDOS,NEW YORK STOCK EXCHANGE
WPC,W. P. CAREY INC.,US92936U1097,31/07/2020,ESTADOS UNIDOS,NEW YORK STOCK EXCHANGE
WRB,W. R. BERKLEY CORPORATION,US0844231029,30/12/2019,ESTADOS UNIDOS,NEW YORK STOCK EXCHANGE
WRBY,WARBY PARKER INC.,US93403J1060,29/05/2025,ESTADOS UNIDOS,NEW YORK STOCK EXCHANGE
WS,"WORTHINGTON STEEL, INC.",US9821041012,17/01/2024,ESTADOS UNIDOS,NEW YORK STOCK EXCHANGE
WSM,"WILLIAMS-SONOMA, INC.",US9699041011,21/09/2017,ESTADOS UNIDOS,NEW YORK STOCK EXCHANGE
WSO,"WATSCO, INC.",US9426222009,26/11/2024,ESTADOS UNIDOS,NEW YORK STOCK EXCHANGE
WST,"WEST PHARMACEUTICAL SERVICES, INC.",US9553061055,26/02/2021,ESTADOS UNIDOS,NEW YORK STOCK EXCHANGE
WTRG,"ESSENTIAL UTILITIES, INC.",US29670G1022,22/02/2019,ESTADOS UNIDOS,NEW YORK STOCK EXCHANGE
WTS,Watts Water Technologies Inc.,US9427491025,22/02/2019,ESTADOS UNIDOS,NEW YORK STOCK EXCHANGE
WU,THE WESTERN UNION COMPANY,US9598021098,26/04/2011,ESTADOS UNIDOS,NEW YORK STOCK EXCHANGE
WY,WEYERHAEUSER COMPANY,US9621661043,02/05/2022,ESTADOS UNIDOS,NEW YORK STOCK EXCHANGE
XOM,EXXONMOBIL HOLDINGS CORPORATION,US30233Q1085,29/05/2003,ESTADOS UNIDOS,NEW YORK STOCK EXCHANGE
XPEV,XPENG INC.,US98422D1054,01/12/2020,ISLAS CAYMAN,NEW YORK STOCK EXCHANGE
XPO,"XPO, INC.",US9837931008,05/06/2019,ESTADOS UNIDOS,NEW YORK STOCK EXCHANGE
XYL,Xylem Inc.,US98419M1009,22/02/2019,ESTADOS UNIDOS,NEW YORK STOCK EXCHANGE
XYZ,"BLOCK, INC.",US8522341036,12/10/2018,ESTADOS UNIDOS,NEW YORK STOCK EXCHANGE
YETI,"YETI HOLDINGS, INC.",US98585X1046,15/09/2021,ESTADOS UNIDOS,NEW YORK STOCK EXCHANGE
YEXT,YEXT INC,US98585N1063,21/06/2019,ESTADOS UNIDOS,NEW YORK STOCK EXCHANGE
YMM,FULL TRUCK ALLIANCE CO. LTD.,US35969L1089,17/02/2025,ISLAS CAYMAN,NEW YORK STOCK EXCHANGE
YPF,YPF SOCIEDAD ANONIMA,US9842451000,20/05/2011,ARGENTINA,NEW YORK STOCK EXCHANGE
YRD,YIREN DIGITAL LTD.,US98585L1008,22/11/2017,ISLAS CAYMAN,NEW YORK STOCK EXCHANGE
YUM,"YUM! BRANDS, INC.",US9884981013,,ESTADOS UNIDOS,NEW YORK STOCK EXCHANGE
YUMC,"YUM CHINA HOLDINGS, INC.",US98850P1093,25/07/2017,ESTADOS UNIDOS,NEW YORK STOCK EXCHANGE
ZBH,"ZIMMER BIOMET HOLDINGS, INC.",US98956P1021,26/04/2018,ESTADOS UNIDOS,NEW YORK STOCK EXCHANGE
ZEPP,ZEPP HEALTH CORPORATION,US98945L2043,02/03/2021,ISLAS CAYMAN,NEW YORK STOCK EXCHANGE
ZETA,ZETA GLOBAL HOLDINGS CORP.,US98956A1051,16/07/2025,ESTADOS UNIDOS,NEW YORK STOCK EXCHANGE
ZGN,ERMENEGILDO ZEGNA NV,NL0015000PB5,06/10/2023,HOLANDA,NEW YORK STOCK EXCHANGE
ZTO,ZTO EXPRESS (CAYMAN) INC.,US98980A1051,24/04/2020,ISLAS CAYMAN,NEW YORK STOCK EXCHANGE
ZTS,ZOETIS INC.,US98978V1035,07/02/2018,ESTADOS UNIDOS,NEW YORK STOCK EXCHANGE
